TRIMAP1,TRIMAP2,label
67.02199,31.255304,3
138.39095,-34.68286,4
137.90544,-32.334324,4
85.59885,-101.92819,0
25.750986,33.516327,3
96.6734,184.24734,2
88.889534,-101.67745,0
-15.525614,34.094406,3
86.75626,26.578875,3
23.342361,176.68674,2
99.49026,-98.53428,0
-43.640446,-53.015823,0
-94.65456,-56.685974,4
-45.385307,32.82785,3
99.74696,24.407959,3
104.45774,28.976965,3
89.57992,188.85898,2
109.00453,29.057604,3
74.7933,115.8873,1
104.10821,30.25043,3
110.91941,-173.03912,5
45.885902,32.333767,3
128.73204,-40.60086,4
-11.631355,-61.982594,6
112.678925,26.3189,3
101.31955,25.454737,3
74.70462,-77.21429,6
104.419334,24.014847,3
40.122505,180.34274,2
-98.52873,-52.454983,4
106.12648,19.238708,3
74.87625,-76.91869,6
60.751842,-93.57052,0
137.65059,-32.859016,4
-41.198544,145.58319,2
89.4428,-101.24713,0
108.22891,118.41434,1
88.26304,-158.08725,5
106.25653,-45.09629,4
138.03496,-34.948982,4
112.612495,22.09872,3
23.395964,-69.72078,6
74.77434,-76.858696,6
133.10811,-40.68455,4
112.42471,23.906456,3
107.234856,20.426332,3
-46.301853,142.60158,2
112.70293,-173.65509,5
113.21289,16.204098,3
-28.673462,-74.7568,4
-41.116837,-108.910576,5
109.48843,19.735533,3
79.82894,-101.82961,0
33.877758,180.29398,2
-43.56141,70.9334,1
128.7219,-35.85172,4
66.58291,-76.07396,6
69.65495,29.69549,3
-47.546505,141.23497,2
102.96206,180.14337,2
55.41829,-85.88948,0
96.92008,-85.237915,0
30.50293,-93.32209,0
137.32846,-36.16474,4
97.26828,188.68375,2
106.32916,-84.254425,0
109.12212,-44.214046,4
111.39285,-175.47955,5
-65.02469,125.47397,2
63.41416,-77.18778,6
83.82683,-172.6903,5
100.07145,181.62851,2
-86.05052,101.44537,2
101.48277,181.26596,2
102.24396,-90.63118,0
134.2172,-40.041893,4
7.989756,-136.75934,5
64.988045,-75.7026,6
133.87926,-36.58983,4
91.50955,-98.8281,0
85.54457,-102.215454,0
98.50172,-99.88407,0
-41.911503,-76.844055,4
93.021706,189.16608,2
129.35954,-39.960083,4
105.49247,118.225204,1
106.18729,-42.601795,4
74.13438,-77.151695,6
106.59699,-80.69812,0
138.38889,-33.29858,4
86.05668,189.47998,2
138.34201,-34.55606,4
72.98918,-76.99494,6
20.796906,-69.906815,6
107.18286,-89.43242,0
107.53261,-89.23359,0
54.773235,-75.174774,6
82.942856,-171.4992,5
74.77549,-101.314964,0
75.82948,-77.62604,6
58.855476,-99.577644,0
70.99524,181.86015,2
107.3728,118.29129,1
98.17967,118.73525,1
106.72376,119.32107,1
91.47682,187.74197,2
75.630104,-77.428604,6
113.233665,-173.60089,5
55.840893,-73.92528,6
112.61463,117.339325,1
101.26826,182.98325,2
100.266655,184.14267,2
41.461937,106.31758,1
70.76331,-169.3359,5
97.49399,-166.83948,5
-58.268322,-90.21177,5
58.642906,-74.97281,6
111.7354,-174.9304,5
87.48487,-80.08654,6
113.77478,-174.6591,5
69.766495,-162.50714,5
107.58614,118.23623,1
73.65266,-76.94283,6
74.51961,-76.81341,6
104.52446,118.88504,1
91.24149,-172.48953,5
85.040474,116.6834,1
69.05393,-76.7185,6
113.04128,-174.89693,5
82.282745,-171.578,5
89.697624,-167.95447,5
74.94019,115.54831,1
114.82157,-173.92319,5
104.678444,118.50805,1
77.1758,115.20458,1
98.48622,118.3331,1
22.564594,101.12708,1
103.89447,118.9817,1
-18.76675,84.09373,1
106.2374,120.26235,1
-44.256317,-72.62756,4
2.8903089,-35.371387,3
87.57013,-102.14295,0
-74.14427,27.26538,3
-5.6645107,-59.703117,6
64.877914,-76.80844,6
22.54228,-47.98101,0
-86.31731,-14.418678,3
132.20549,-30.949095,4
-68.65557,-24.18952,0
95.54085,29.855095,3
-95.53536,-43.9509,4
122.86352,-42.306217,4
67.17956,112.962234,1
102.07597,183.1705,2
99.915794,185.12415,2
96.346725,187.05074,2
12.157239,33.098076,3
18.364498,19.54786,3
25.18622,21.057404,3
-83.511215,-4.667385,3
-26.243877,-54.229576,0
-5.7073145,-42.28025,4
110.44423,-174.1168,5
-104.51062,-16.73111,0
-54.888657,26.35595,3
20.374376,-52.37207,4
-4.242869,-4.474306,3
-75.76738,1.5152171,3
-90.65665,18.673117,3
-71.68645,114.03691,2
10.801367,7.3887277,3
-69.88789,-20.88536,3
38.74021,178.38551,2
88.385826,187.66818,2
74.67511,-77.273994,6
-99.22225,-2.2743185,1
64.91226,-28.499208,4
-99.70259,13.61813,3
-98.51745,8.578879,3
112.573006,14.080668,3
-10.465741,-61.01249,6
-106.40933,-0.7769852,3
-102.25544,-2.0185935,3
40.025875,11.117326,3
-100.32613,5.583758,3
40.06832,-19.566126,0
79.303055,-15.9958,4
-94.710396,78.27715,2
90.569374,188.38138,2
36.724346,-72.09122,6
-50.1705,2.82866,5
-108.775345,32.29782,3
83.99251,-172.34764,5
138.07854,-33.296085,4
-30.38693,-61.567017,0
113.55374,-40.35718,4
-98.10439,9.004093,3
132.52142,-40.597374,4
-90.84694,-41.85021,4
-85.312874,-0.08504422,3
104.2405,26.326027,3
-82.50713,21.449766,2
-14.226046,-40.557278,4
-85.49526,-29.366982,0
-110.388725,6.7799196,3
99.89462,184.10999,2
-100.687904,9.524985,3
-18.64546,34.88299,3
-67.342064,-9.06583,4
117.70284,-34.436817,4
-82.8092,-22.698841,0
-104.168884,-0.8603796,3
-5.293733,-59.943512,6
-97.08327,-13.345541,0
-101.57662,6.286155,3
-87.76013,22.8501,3
110.364006,-42.15667,4
107.62064,10.311295,3
-90.05636,16.660284,3
4.655768,-28.304096,5
45.86526,176.68704,2
-113.52418,-4.70721,3
-70.726326,117.658264,2
-107.5527,-6.4894447,4
-17.094845,-17.160332,1
-107.45623,11.941993,3
78.45375,186.29103,2
87.058136,171.52974,2
-62.29078,2.3339658,3
33.16842,16.029745,3
3.851611,-1.2847465,3
-17.808147,28.841259,3
86.06033,-172.90912,5
19.691084,98.52869,1
-100.886795,14.740245,3
105.81028,118.38009,1
-75.62286,28.028677,3
29.355717,-146.19803,5
105.89246,-87.58423,0
-74.84606,-23.122578,3
-89.084724,-33.335285,5
-60.99774,-39.486435,0
129.57932,-33.88844,4
-36.949306,130.05345,2
-39.217632,-75.57925,4
89.11918,187.63097,2
105.75353,-39.536194,4
-106.208405,-35.63291,4
35.210793,-150.18375,5
102.83374,110.95018,4
91.85808,21.459562,3
-65.08487,-24.823153,5
-92.63204,19.233496,3
-105.65036,-15.703505,3
-73.163376,-27.662363,4
-102.001465,-6.8183136,3
88.25817,-102.319244,0
137.62222,-37.068558,4
112.71478,-176.28305,5
-82.42067,105.1915,0
-77.091484,8.962409,3
-13.137468,-61.908703,6
40.752953,182.35431,2
21.339806,-142.71523,5
-100.084076,-27.66511,5
-60.077892,-23.053461,5
-71.313225,-4.041275,3
-95.12031,49.521385,2
112.35431,20.629225,3
-25.55752,-51.4826,0
10.24984,-36.92148,4
-39.574226,-45.61379,5
-92.48097,-0.22034752,3
-93.21352,-14.809636,0
-98.48031,-43.00874,4
-51.669113,-47.15153,0
-90.74838,-10.997169,3
-105.67673,43.42545,3
100.23617,-84.515785,0
-99.318344,-16.252293,0
109.48024,17.826601,3
88.34818,-173.98364,5
134.9451,-38.00531,4
133.25365,-37.71859,4
-88.56034,-14.592693,3
-33.87972,-73.2683,4
-94.25286,-5.7781596,3
-66.448654,-3.6911368,3
-87.52361,37.624546,2
34.681995,176.71474,2
-102.595406,-8.883163,3
-100.29919,-12.21409,0
109.70046,-40.846794,3
-60.800488,57.12293,1
-93.15613,18.480433,3
-64.05217,129.0224,2
92.61927,22.883194,3
-95.04838,14.994277,3
-76.277824,-13.405689,4
1.2374629,-68.22585,5
-68.00092,124.78395,2
98.068665,118.41193,1
-0.89478654,91.75214,1
-50.19162,-38.25065,0
-51.012962,-46.31639,0
119.99813,103.88183,1
-91.353195,-18.488943,6
101.586174,118.82289,1
-105.42819,-16.363363,3
113.61797,19.180609,3
106.18654,12.157895,3
-75.63353,69.55813,2
-35.485607,31.518017,3
-99.81061,23.952917,3
101.00704,-98.30443,0
108.28497,23.931648,3
-92.93954,14.163388,4
-46.263016,64.018456,1
-20.254124,144.6401,3
-83.16065,-46.88546,4
98.5533,21.352575,3
-82.799934,59.997623,2
94.37804,-40.214928,0
-78.602356,-17.56601,0
-33.054413,-69.40386,4
-81.28539,109.085266,2
25.940098,22.031136,3
-92.78998,85.66505,2
-63.675854,56.21889,1
-42.54451,-71.334175,4
-41.99871,-50.451023,6
135.01852,-35.52761,3
-87.65921,75.01809,2
-50.52944,-49.689655,0
-109.653725,9.946421,3
-100.22139,18.239607,3
-66.80469,112.54757,2
-2.5497694,19.883627,3
-69.60443,-8.959926,4
-46.444218,-73.1559,4
34.253532,170.06471,2
-95.012985,-6.6099615,1
1.2647464,21.268942,3
44.940544,-150.85391,5
-99.50837,10.696403,3
23.885904,176.27118,2
90.54355,-101.65362,0
137.81017,-33.778114,4
48.854187,-151.08257,5
108.65917,118.015465,1
-108.115654,10.088245,3
-32.146576,33.55867,3
-83.01812,25.943626,2
61.822296,-76.33267,0
-5.480832,-30.997358,2
-7.3173146,-40.482563,4
33.170994,178.7358,2
83.72094,189.745,2
-81.42291,53.223858,2
-66.70889,-53.37842,5
-77.09564,-11.48297,4
-98.84763,-48.88723,4
-71.64641,118.21489,2
102.714485,181.2446,2
-49.863186,135.09386,0
-101.07608,-7.7884297,3
-79.24573,71.26077,2
138.07951,-34.263905,4
-106.436775,-15.079438,4
113.00779,-174.74777,5
112.503746,-174.68791,5
-9.82003,38.756817,1
78.416565,-101.01555,0
36.770115,-0.5026089,3
131.77019,-41.153984,4
-39.78513,-19.564856,5
-79.92374,-23.510174,3
82.51836,-34.414925,4
115.00009,-173.55814,5
-101.737175,-6.6057744,3
110.83152,-40.72025,4
-101.88414,-7.556591,3
-104.075874,-16.789314,3
-57.03807,63.790707,1
-103.01905,-10.046852,4
-97.75742,2.2454982,3
-90.601295,-2.623167,3
-88.27225,-17.861809,5
35.42237,101.93601,2
-106.581825,-0.9045948,3
16.296322,164.96379,2
108.043594,-174.96112,5
-97.54966,-30.705622,5
-58.48346,-38.6602,4
-87.63278,17.277843,3
-81.50694,13.656264,3
14.823792,-3.234118,3
-62.79056,-23.502016,3
20.80228,95.44113,1
-4.1062136,-133.0085,5
100.52085,115.89063,3
24.46456,9.699568,3
95.672455,175.06664,2
82.065636,-139.93765,6
56.33572,-27.467688,0
107.89766,118.40107,1
-96.00844,-4.081509,3
100.70626,-99.45187,0
-79.38057,21.611124,1
104.01449,-171.29755,5
-13.361619,9.106739,3
32.593445,-72.2876,6
-106.17654,-5.114753,3
-85.765076,-23.55381,6
106.48537,-88.96402,0
-106.50214,4.8979626,3
-90.96947,1.6645607,3
30.400997,32.260456,3
-82.5447,-46.911976,5
-90.96433,-42.352104,4
-74.784485,24.849705,3
133.78801,-30.200117,4
101.32884,-98.00992,0
-105.13637,-10.899257,5
-101.10212,38.802864,2
97.90536,118.683395,1
-94.9048,48.07213,2
132.30779,-37.286346,4
135.6329,-30.422277,4
-100.99803,-46.380577,4
113.49477,-38.36783,4
-78.86117,-5.632008,3
-96.856674,-10.764556,3
12.599085,-85.70951,0
-56.07764,-0.6269728,4
107.23018,-113.98272,3
-41.701,-35.50462,0
131.9067,-36.236725,5
-5.188153,161.807,2
103.86133,-88.21884,0
113.99075,-169.23279,5
137.81758,-31.940344,4
-59.757446,-68.591064,4
123.86927,-32.37745,4
68.312195,30.17352,3
-23.762348,-57.507355,0
71.4849,-76.790306,6
-56.944893,-61.42879,5
97.12425,182.15184,2
-53.950054,-68.90285,4
61.409096,-158.8772,5
33.49681,104.073555,1
-22.043245,1.3168031,3
79.46024,-90.003426,5
-80.06865,1.8734591,3
101.849434,-92.041275,0
67.03439,19.398335,3
114.27811,-173.14197,5
-69.01333,53.25579,1
-90.9008,7.045661,1
-105.009544,-8.941036,0
-41.83088,0.92522407,3
-37.687614,-77.31163,4
20.963,169.29803,2
-49.865253,-11.921356,6
83.31458,189.3394,2
-95.26624,-0.37626994,0
-5.338302,-127.09901,5
-94.18423,7.819615,3
117.00736,-34.829758,4
-80.80127,-25.073435,6
106.9688,-167.34639,5
123.90569,-32.84996,3
26.616713,-16.827555,5
89.3289,-101.38354,0
100.185936,-90.684265,1
-100.70996,-6.7517076,3
-10.696373,-91.48267,0
79.50849,-171.7231,5
-87.27448,16.045609,2
-75.4983,19.648626,2
105.99111,9.66266,3
9.096024,-136.26352,5
105.20749,118.985954,1
101.67554,-98.83007,0
101.063866,26.492783,3
109.367676,118.71687,1
-96.5225,-6.13604,4
-85.0424,72.7266,2
92.75763,-85.55773,5
3.8220687,-65.74879,6
135.11171,-32.263397,4
-41.164112,-4.453092,2
-100.15448,71.9907,2
-62.32322,-6.682646,6
-2.6275935,-62.90907,0
-58.1729,-38.011845,0
-21.600912,-35.47158,4
17.88317,-60.73553,6
-104.924774,3.3328254,3
-102.731125,64.827965,2
-64.7247,-25.225044,0
105.333405,-40.518177,3
-76.998955,-24.067005,6
110.8305,117.77405,1
-94.05017,-14.754913,6
112.7611,8.372708,3
-61.794018,58.507366,1
-105.39166,16.197685,3
-95.59214,-10.545593,3
-103.236664,12.9877405,3
-72.87711,-22.310518,3
-78.69523,80.3532,2
92.221214,-160.9617,5
36.87795,-35.17663,4
-10.566012,-41.32518,5
-57.440445,-10.13988,5
6.9971657,-45.358856,3
102.89533,113.045425,1
39.035194,10.904783,3
-109.22164,8.682048,3
51.273666,-90.7817,4
42.131702,-34.592014,4
28.71448,171.6691,2
105.69407,-92.56355,0
18.962896,160.80884,2
71.79782,-100.99248,0
-70.625534,-16.576742,5
-40.094555,-40.50042,4
-78.83341,30.275433,0
30.38522,21.375494,0
58.15048,27.948751,3
-87.6303,85.4902,2
91.79356,182.81844,2
-73.52978,93.00125,2
-100.535835,44.681557,2
54.135212,-73.78793,6
62.045303,-33.36678,4
-84.4751,-23.660477,6
114.25234,-174.29932,5
114.15837,-172.48572,5
81.286514,115.923805,1
-73.76604,-33.394733,0
52.0135,-76.4607,0
135.02087,-31.25813,4
-118.06387,-11.929229,3
-103.54848,15.199023,3
-21.090775,-7.789816,1
-8.707802,8.096343,3
-28.129768,-56.26676,6
-90.09717,-14.860482,6
-65.874374,112.14409,2
-82.40775,-8.952883,3
-61.510307,-11.323256,3
-92.91042,-4.0041666,3
-76.41053,47.10549,1
-106.40672,30.115156,2
90.164185,180.4638,2
53.692646,-162.96262,5
-44.322273,-63.47893,4
-0.6087537,35.49571,3
-85.30341,44.98783,2
-0.0599272,88.1651,1
88.76656,190.30197,2
99.72385,171.21416,2
-108.05919,-7.2370653,3
96.115456,183.1282,2
83.97491,22.960575,3
74.77715,153.59134,2
-102.00069,15.77712,3
-9.220809,-46.200623,3
-81.336105,-10.244822,0
-9.905028,4.9299884,5
106.20703,-40.954758,3
-59.63589,30.401459,3
120.02945,-36.383057,3
100.22325,-18.767536,4
-7.251094,-40.47744,5
96.408195,25.452589,3
97.54484,183.65388,2
-55.20522,-19.865467,1
129.51189,-36.00654,4
120.32532,-42.237434,4
124.795006,-37.36095,4
-17.855272,-37.448647,4
44.521416,-78.495415,0
99.072876,-161.87953,5
97.89571,-39.74795,4
95.51958,117.86377,1
-71.09996,-70.43594,3
-3.2657313,-23.916376,0
-64.843025,-10.0370865,3
-46.56683,-34.172413,4
-87.53394,-13.990399,6
-3.593349,35.520035,3
68.47023,-76.697395,6
-87.78396,-26.59938,3
115.35017,14.771925,3
68.69941,31.256578,3
-102.32669,-15.130113,6
-100.95876,-9.560321,3
79.36287,-31.870287,4
11.733925,-11.504593,3
30.993923,-69.26394,6
-99.50877,12.427821,3
110.374115,13.07277,0
-92.93909,12.414368,3
72.94587,114.106544,1
102.453354,180.8852,2
98.00786,-150.93028,5
-103.17935,-3.5685573,6
49.845036,-161.73439,5
-78.95707,104.011635,2
63.41246,161.15231,0
6.9351277,166.16817,2
41.144325,182.05287,2
-75.084625,-64.110016,3
-55.386402,-6.894171,3
-81.850006,-35.136765,0
-12.052924,10.389108,3
74.24913,-150.19308,5
26.309195,22.159176,3
119.49975,-35.120686,4
-25.686214,-47.36204,0
112.28096,22.116829,3
8.08863,106.2824,2
115.354324,-39.517757,4
1.7294518,159.19646,5
95.946625,185.81343,2
-92.58304,-27.28794,3
-99.664986,67.43374,2
-11.3254795,152.54668,2
56.395798,31.896969,3
-64.61159,-39.06053,5
-102.7719,26.940088,2
-99.61828,-16.839716,0
-109.16973,8.376133,3
61.772003,-34.03355,4
-10.26578,34.70611,3
83.69894,14.555085,3
-106.58507,12.017737,3
-99.009636,-6.8835726,0
-79.26634,-30.488455,5
-8.721539,-53.532776,5
86.22776,-92.71877,5
-40.046684,-110.856575,5
108.52296,-171.00821,5
-86.742874,-39.576065,5
-78.973755,0.14869837,3
95.77599,182.98499,2
71.372375,-46.137287,0
135.04018,-38.369957,4
-115.961235,2.1061823,3
136.99866,-37.52852,4
-39.57718,73.94714,1
-68.570946,54.918015,1
97.207466,173.93768,2
-103.34524,-3.646886,3
72.40562,-77.15657,0
-25.850548,81.713326,1
114.013084,-160.56871,5
-92.71436,6.4865026,3
-86.951416,-13.783151,6
-110.75142,7.313389,3
137.13893,-33.029346,4
63.90341,-93.51945,0
-90.73383,-18.830198,0
-98.05958,-23.038252,5
70.27239,25.455885,3
-52.689823,4.6324716,3
80.34733,-161.51073,5
5.1986647,12.453038,2
-109.33764,-6.7492356,3
-103.311966,-18.1238,3
10.535121,-80.095055,4
115.95576,-173.4533,5
-5.038112,-29.00667,4
-104.65957,-11.967579,3
-93.83816,-9.651603,0
-110.61746,-5.3617353,0
111.530914,24.574957,3
-95.456726,-15.060968,6
10.961801,95.92006,1
-94.50262,68.123764,2
-84.5859,-5.7109437,1
-64.54246,128.83382,2
99.867966,175.19109,2
-94.11651,-50.546307,4
51.27855,179.75429,2
-16.174778,9.630284,3
-70.026505,-68.27151,4
-34.407978,17.333078,3
71.21044,-95.81669,0
-57.748936,-35.01762,5
-2.1991293,-14.972746,3
43.05123,-56.090706,3
-33.121384,32.030346,3
122.79526,-36.302273,4
-69.1517,48.37921,3
-115.28723,4.616617,3
113.37106,-174.69305,5
-32.563602,-28.472225,6
72.48464,-149.4432,5
38.85159,104.82867,2
-63.707706,-69.13046,4
109.46752,-45.249126,4
-34.611046,-55.46351,0
-33.21245,14.408032,3
-20.42127,-116.8065,5
96.02736,21.883087,3
78.10571,-92.167786,0
7.4831624,-64.99682,6
-17.59455,6.485333,3
5.02924,-16.283972,4
-106.00576,-35.45643,4
-9.737853,5.503921,3
-106.86992,-12.917266,0
81.20717,-43.224083,0
72.49523,113.57162,1
-25.96457,-118.39257,5
-45.882565,137.21402,2
-97.507965,5.554002,3
23.9526,176.46317,2
-94.31033,-13.267458,6
98.09428,-79.13153,0
-33.541847,-52.69177,4
-59.56908,0.25341788,3
-89.70711,-14.436406,5
100.712685,18.336164,3
-68.09557,-26.969435,0
61.192753,-94.63192,0
85.13892,189.76279,2
116.07514,-6.8104,0
104.84874,-95.76448,0
115.905716,-172.30779,5
102.458626,-97.28019,0
69.93537,-131.79718,5
94.63969,12.358417,0
113.733826,-172.86273,5
86.14421,-28.543581,4
31.212494,106.39262,1
-78.7746,54.90881,2
-30.688059,-14.748941,3
31.71433,178.0364,2
-81.92058,-6.833165,3
-34.944275,23.480436,3
87.805145,-173.52776,5
67.30842,-14.982685,2
-49.59057,-39.042496,4
-105.686874,-19.47274,5
86.79476,-102.320274,0
-58.946808,104.574585,2
-26.816362,-115.82068,0
-95.86952,50.108,2
-54.337433,-12.059326,5
67.94332,-38.78803,3
46.428818,175.87567,2
89.03058,189.97943,2
-96.540825,-44.793095,4
53.575195,176.91318,2
-48.92007,-75.10699,4
-78.49013,37.186,2
75.733444,-94.651825,0
92.561646,185.53903,2
-62.011513,18.504297,3
-31.688326,33.043564,3
55.93993,107.56531,0
-55.10696,128.77995,3
-56.16311,-37.80708,0
-100.41599,2.8973038,3
-39.848045,-32.74771,0
-90.3639,-24.677477,6
-74.924644,47.60949,1
-101.160194,-42.566597,4
61.95266,25.797705,3
-92.49061,16.55418,4
-100.11068,-10.867411,0
-65.3114,-28.274559,6
9.40501,-50.261192,6
-109.774345,-4.5456047,4
-90.773964,6.915576,3
-82.9467,-56.47597,4
79.78117,-34.871876,4
-91.59755,18.180092,3
-113.08938,5.0384064,3
-50.781555,-18.688465,4
127.34838,-38.835594,4
93.7171,12.727399,3
-39.4898,-78.16112,4
91.38107,10.186426,3
-82.50883,-44.54555,3
-51.435875,7.0904937,3
79.786934,-161.12509,5
128.18938,-37.078335,0
-78.62921,-3.167787,3
75.06387,186.22787,2
70.4241,181.27843,2
44.430714,-40.75544,4
-98.99416,15.041911,3
60.774723,182.07077,2
87.19799,-151.05142,5
-67.19341,-2.9160619,4
-32.348244,-29.564981,5
-38.39567,-73.72907,4
-50.274097,-74.591576,4
-22.192467,141.99472,2
106.22698,-173.92139,5
-101.47807,-30.548132,4
-54.058582,-20.51081,0
-43.493286,-36.26391,4
12.444502,35.00985,3
38.548378,25.879368,3
-46.011066,-13.587441,4
-62.675243,-2.4575212,4
0.4613587,-43.605465,0
85.91899,-156.68198,5
102.61432,179.76541,2
-95.41224,-14.378093,3
85.36031,187.8532,2
-58.710503,129.21268,2
-112.79033,-4.8989067,3
-95.42158,-14.646762,5
39.822834,176.88525,2
-45.59172,119.35901,2
-104.3923,63.935535,2
31.32397,-143.15428,5
-54.52412,-19.216915,3
-93.8246,-34.102993,4
-83.667885,8.413383,1
-66.14239,-29.048182,6
98.88617,119.57356,1
-99.175514,53.099632,3
103.458664,6.246623,3
83.5058,120.08442,1
51.54004,29.812403,3
-23.50809,0.6166829,3
130.55585,-39.43822,4
7.251405,-53.34489,0
87.75448,-102.12144,0
-12.87563,-122.76044,5
-102.92581,-8.876587,3
59.44187,-74.59822,0
-32.035755,40.184013,3
-33.23274,-101.33182,5
-92.25251,24.859299,3
-77.628555,0.055316914,3
13.507788,-65.49184,6
-21.010872,142.85677,2
-104.705215,-16.221163,4
-20.460817,-55.78089,6
-19.15701,-49.39276,0
-81.88751,-13.059212,0
35.90844,180.78879,2
79.975586,-138.01427,4
34.931805,33.458954,3
-34.24512,-54.91279,4
35.078903,-45.52884,4
-36.457912,-58.60938,0
49.545727,94.88901,2
-86.86688,0.9990177,2
92.822624,-99.86275,0
-104.53699,-37.994823,4
132.24986,-37.18554,0
106.38469,121.22287,1
-85.919044,-11.71713,3
107.68409,25.958307,3
94.334015,175.02621,2
15.944735,-43.16875,3
63.47701,30.837595,3
-115.87785,-9.447178,3
39.956463,167.81058,2
-93.95028,17.467035,4
-33.965782,12.328523,0
-87.63347,22.620209,3
105.716736,26.811691,3
92.510445,166.20917,1
87.015045,20.438362,3
-93.22942,-10.54483,5
-91.07654,3.7783177,3
-94.44104,-18.521038,0
-97.493546,66.49872,2
-109.256645,34.467186,2
94.440865,184.02135,2
106.41368,-44.524063,4
-10.13765,-31.64645,5
6.4873157,28.443275,3
59.96155,110.684166,1
66.69493,153.57623,0
87.20936,182.54453,2
82.403435,-171.87741,5
53.92523,-75.00395,6
-24.305267,33.668587,3
117.87671,-32.05868,4
-89.26993,-3.6359367,3
102.95717,-95.63983,0
-99.20355,-2.6523533,5
53.745163,-48.798214,0
75.88233,-77.583145,6
99.1016,23.28559,3
33.1824,34.1976,3
95.6349,-97.82166,0
-69.38209,120.683235,2
-19.226978,-59.491676,5
115.64643,-173.19518,5
-76.517944,59.837765,2
-105.81901,-15.547952,4
-19.723993,-59.698124,6
-81.93819,-25.395718,6
60.429634,30.476364,3
83.593864,115.29131,1
121.85642,-33.785137,4
-77.575165,-62.995224,4
-67.30237,-23.705015,5
61.05382,32.036118,3
-79.88472,76.850586,2
-83.02343,24.092524,3
83.82074,174.30803,0
91.48177,23.596992,3
-107.315956,40.458145,2
-58.889915,30.271198,3
42.918278,-72.549675,6
114.261055,-36.808437,4
-97.46073,1.0021845,3
-106.14797,-25.038977,4
-52.56081,-12.7615385,5
27.738993,33.75558,3
87.177155,30.663364,3
-56.20272,16.20365,3
21.244661,174.93614,2
-101.6224,-6.4411354,3
-83.21089,40.401184,2
-93.261505,5.772165,3
83.82427,186.55833,2
-17.759394,-69.588745,4
86.10589,-158.79672,5
94.245186,177.7651,2
89.25387,115.971275,1
-54.34469,-5.4846234,3
-86.19541,-7.212431,6
-61.014324,-60.78305,5
-65.53925,-8.258109,5
-104.11299,2.14349,3
-70.43895,39.640316,4
-107.025314,8.721751,3
-85.02671,-11.829244,1
-101.2686,-37.94056,4
-50.62514,-17.587318,4
-89.78182,-6.7590737,0
-97.814674,-24.303223,4
-14.351047,-60.633877,6
-96.03475,80.68902,2
-68.7933,-2.0452745,3
-82.577545,-7.5964828,3
11.760828,-24.34155,4
-10.223726,-61.644886,6
-31.241604,-72.26864,4
98.90342,174.50856,2
-74.71596,50.90525,1
-10.302252,35.387917,3
7.3048987,85.39154,3
-57.430134,17.175722,3
103.5919,16.232904,3
139.67413,-32.055897,4
100.62623,-99.45001,0
83.111755,-102.54429,0
-44.229454,-51.98375,0
-36.75213,29.22178,3
-107.955605,11.561264,1
-68.930695,65.92086,2
82.43592,189.47484,2
101.17203,-173.96284,5
-0.21538417,10.459992,3
97.11918,-105.81515,5
-49.609325,-21.42214,3
99.06501,-98.42432,0
82.1504,184.16148,2
-69.96845,120.52454,2
-47.64698,140.46605,2
-65.01435,-0.96661866,3
94.848335,118.08677,1
-70.80637,16.70438,3
36.527576,31.754293,3
-103.71899,-41.167324,4
85.57986,-43.7096,4
-42.416924,118.37082,2
104.109665,13.428102,3
-101.25193,1.5145917,3
-100.14106,-8.14287,3
-51.63328,-38.761753,0
19.064604,27.322289,3
-91.495384,-19.739407,6
-18.077837,-58.719257,0
-98.554085,-15.489819,6
-25.696337,-2.374024,3
-18.861914,-35.04389,5
135.3768,-36.091175,4
-103.39411,-2.4161863,3
101.76317,182.51015,2
24.395935,176.136,2
39.602867,25.118397,3
-104.63131,-45.785732,4
105.09647,-16.056831,3
93.61872,177.4987,2
-104.64838,13.437813,3
24.27607,17.514917,3
92.164505,-101.1786,0
38.96059,174.71927,2
88.92154,-86.86831,0
-57.24099,61.12821,1
-80.074776,-61.86885,4
-67.61622,56.80352,1
-47.869637,-25.884588,4
103.84133,-79.10712,0
-97.26309,0.09208379,3
120.64483,-35.79707,4
101.49413,30.923761,3
-71.920494,-3.5033963,3
137.67268,-34.763042,4
-65.24316,-4.3498344,3
106.63273,25.350435,3
-109.670364,-6.5123773,4
115.083435,-171.97902,5
-27.614683,18.074411,3
112.26934,20.948282,3
39.38401,-94.25757,0
91.327225,17.090517,3
-99.37808,-16.55696,6
-91.12778,-37.82894,5
-84.25247,-23.16302,5
-93.10477,5.6626472,2
27.550007,24.464975,3
95.71175,-161.9935,5
-39.33722,140.64635,2
-48.393974,135.35432,2
79.387054,172.21904,2
-99.3347,-11.459656,0
-75.86007,87.324455,2
52.117085,178.36722,2
-86.131424,-16.388584,5
-38.118286,147.04095,2
89.92217,182.27232,2
108.26593,-88.2404,0
-91.33502,22.207237,5
-15.830211,6.359622,3
70.15478,111.52766,1
134.39087,-36.89278,4
88.12591,-100.774055,0
-41.63258,0.08765302,3
111.42423,20.364927,3
131.7031,-28.896572,4
130.5512,-31.058548,4
-89.5589,25.000414,3
-95.27181,3.6678302,3
107.10866,17.601353,3
-44.614826,22.642803,3
-40.300957,1.1785015,3
-33.053757,-10.093494,3
-102.75731,-17.727839,0
-6.1809564,-6.698169,3
-90.09668,-36.5978,5
-34.897236,-24.239225,4
-43.53849,16.225035,3
-105.2084,-11.731842,4
-93.24813,-36.530945,4
108.58047,118.7273,3
-106.48637,-0.20421313,3
99.201904,174.3393,2
81.460495,-41.058765,4
-44.999783,-53.49521,0
-65.97036,-9.131129,2
108.558235,-40.986897,4
115.82372,86.573616,2
-74.0213,24.620537,3
11.072782,-67.77957,6
43.18144,28.224947,3
36.826008,-72.69467,6
-81.796104,41.11285,5
-98.691765,-7.5585346,0
-46.4105,-31.847515,0
99.49528,8.387216,3
-76.128555,-39.22882,4
-99.95332,-34.202698,4
94.36273,17.001831,0
-95.686455,-0.5485835,3
-61.01721,-30.573257,6
105.90084,18.605974,3
-31.25605,-77.57192,4
-74.847565,53.087498,1
76.82048,114.96579,1
112.07446,23.689436,3
-88.31964,24.578213,3
-24.29668,13.579878,3
112.96834,25.687864,3
136.7202,-38.76731,4
30.643366,23.273535,3
82.64282,106.46246,3
28.439318,-44.559258,4
108.87977,24.011385,3
30.545921,27.620525,3
-108.09471,9.3416195,3
-96.198616,16.583044,3
-19.714333,-31.358994,4
102.77659,179.96794,2
62.193455,-44.97691,0
-78.18681,-24.04456,5
-56.654556,11.188044,3
90.56236,19.917702,3
-105.13074,-1.6427999,3
-21.425926,-23.276167,4
-92.69044,-13.298649,0
-106.13144,-40.57059,4
-74.98069,-14.738132,4
96.41534,-172.16273,5
52.28778,178.50014,2
72.69151,-42.965263,4
33.639034,23.450077,3
45.061634,-95.83107,0
-43.61045,-51.67048,0
-46.135303,-69.019585,3
-84.29349,-14.918267,0
-52.060726,-13.370008,3
99.1549,-173.35927,5
-72.46479,119.2682,2
98.71268,22.53766,3
-83.66475,-29.41113,0
-114.2516,7.218156,3
-100.921074,-7.2464,3
-22.604502,-118.2449,5
-68.876495,-22.887627,4
-104.84042,-8.6403675,3
97.16364,-80.867584,3
16.243147,20.181625,3
-90.05502,-25.535784,5
103.540184,27.621883,3
136.91193,-36.18867,4
-11.207902,153.13785,2
-68.28281,-30.645292,0
131.19614,-39.86755,4
36.825783,-94.6411,0
-11.260925,-70.67084,1
-78.0748,-64.01726,4
-93.2855,-5.572955,1
43.49177,-34.91216,4
-22.586119,83.24843,1
-97.91974,49.39296,2
101.02036,118.89189,1
101.776375,20.838572,3
36.423885,178.15613,2
-100.69899,28.166075,2
-109.24197,28.0263,2
-26.552145,2.8044152,3
13.461376,-47.74576,0
107.04795,-45.630405,4
102.96267,180.48338,2
-98.76791,55.650806,2
-28.896015,-37.938713,0
127.28803,-41.468204,4
108.5674,117.084015,1
0.14420621,20.448444,3
83.58091,-32.858124,3
-8.561044,159.99881,2
-64.33732,-70.08457,4
-16.011343,-59.46998,6
60.48787,178.33957,2
-16.905054,-58.27773,6
-90.98666,17.08381,3
-103.94427,-5.8165207,5
88.6366,-172.84126,5
103.14907,179.36014,2
83.07117,-140.28537,6
59.567657,9.616033,3
-94.597084,-16.200548,0
-95.90206,33.620586,2
27.96981,-54.03836,0
-97.75808,2.9615874,3
38.015255,21.432785,3
12.494442,20.219345,3
-54.345375,-36.38038,4
101.01273,-171.93805,5
88.15977,115.78948,1
27.28816,-16.139357,5
84.9756,-168.41626,5
99.49312,-166.64035,5
32.827736,-151.48106,5
-36.277622,112.70772,3
36.987793,8.548914,3
56.545033,-93.12285,0
-53.952072,-47.854942,0
52.81171,176.76456,2
90.06179,-170.58626,5
-89.285706,6.4420743,3
-97.30451,-4.663338,3
-64.002014,59.05857,1
134.84355,-37.423897,4
-60.116043,-38.13801,0
102.05907,115.16162,4
-87.83649,17.474922,1
-98.69691,-17.294947,0
90.71776,175.72098,2
-60.009033,8.185947,3
5.3421693,11.1261835,3
133.9389,-37.32358,4
-88.31623,-17.209826,0
62.003113,-98.55925,1
59.468292,175.59209,2
-69.90848,-63.49748,4
-83.622215,-17.08252,4
77.98357,-19.61913,4
92.206055,189.98392,2
54.784447,118.59258,2
-106.104576,-14.591748,3
-107.69358,6.1883283,3
-12.910905,5.1384435,3
76.97733,186.4992,2
-96.1626,-13.092059,6
68.41834,173.26256,2
-70.93152,16.314503,3
-4.41808,-47.740734,0
-76.54488,-37.757534,3
36.44703,-93.871284,0
92.128525,22.078856,3
-49.70788,-14.3894615,5
34.07998,25.629019,3
100.128845,-74.59887,0
8.571035,13.863605,3
106.96884,-173.76877,5
-22.80325,-118.592415,5
-56.519814,-19.98765,0
101.495514,172.33394,2
-33.635834,-31.558947,4
-115.99488,2.249275,3
-19.328598,-7.0688744,0
-73.71251,18.060616,2
113.4252,-43.150455,4
-116.86151,-10.616659,4
44.159332,-73.5396,6
36.919926,-156.05681,5
-101.65594,64.370705,2
-57.562428,-10.691324,3
133.32126,-39.77557,4
-11.482306,33.465965,3
-105.01202,13.868765,3
-81.75896,99.34664,2
-94.09391,-4.4065385,1
75.39214,114.73996,1
-91.838066,-9.061137,4
2.9407465,35.668945,3
-66.8415,40.59205,1
-75.71887,74.048134,2
24.679617,165.62402,2
87.99867,116.71511,1
-94.765816,0.9009597,2
-10.0099,87.43664,1
-63.60396,107.979485,2
135.44359,-37.773464,4
98.50788,29.763231,3
136.62035,-31.724836,4
-72.8292,50.05259,1
-75.909775,-22.890387,0
132.8367,-37.949627,4
-102.930115,-45.212555,4
101.93555,182.47464,2
52.615826,149.18414,2
-109.034805,-30.125866,4
-105.33792,-15.040545,4
-83.84758,-28.855576,4
-64.6642,-43.666862,5
-88.90481,-20.065191,0
114.696,-170.00514,5
-92.32677,-3.9027781,3
111.25469,27.029024,3
60.853462,30.473696,3
-92.57374,-46.786407,3
-70.00161,-41.66817,3
-54.766724,-16.23615,0
112.541275,-175.66222,5
-87.45264,1.7813169,3
-101.41349,-15.187447,3
57.753834,-94.245735,0
80.274345,180.81352,2
83.00967,186.98096,2
42.215878,102.94141,2
-80.44872,42.376045,1
92.104576,184.67572,2
-93.54119,-17.189884,0
52.947456,-34.03717,4
97.83496,180.96503,2
-89.05611,-25.924664,6
-52.070427,59.83446,3
-57.363132,8.39653,3
-75.79529,-16.445179,6
-74.55348,114.68192,2
-74.17157,-25.566475,0
-102.3099,13.167229,3
-99.23833,12.3297615,3
104.64324,-90.532845,0
-95.453804,21.0116,3
60.354664,21.00186,3
-39.447975,30.811739,3
96.54973,21.135315,3
110.75311,27.881765,3
-5.625931,-72.38052,0
-23.44158,9.41314,3
84.86475,115.43323,1
-79.01341,111.18462,2
-69.05074,118.85125,2
128.91829,-33.039005,4
-52.797153,121.67186,2
104.18764,-84.24156,5
-56.222843,-24.303572,3
-51.437977,-25.977932,5
-16.899105,-120.3008,5
2.6117556,-124.64207,5
90.818275,-172.4377,5
13.025392,35.7761,3
100.81385,30.45243,3
100.78757,182.92647,2
-98.02984,-53.261597,4
-105.78792,-12.753384,3
121.67679,-32.972576,4
-107.242004,5.3969088,3
138.38664,-33.052574,4
-84.91265,25.637405,3
-26.931982,-35.226227,5
58.99807,23.008507,3
-88.17236,10.493911,3
-55.355354,-10.861619,6
-16.79748,-51.100204,6
-35.654793,-37.933716,3
-96.20212,-16.367672,0
-58.49537,30.65426,3
-67.05264,-34.680157,0
70.11041,-93.30236,6
49.421936,29.12938,3
0.049640983,91.496,1
133.60748,-31.108946,4
-40.2341,67.25189,1
-20.505222,-33.987274,5
33.485283,179.67902,2
-75.58823,21.989496,3
-93.931335,-14.725494,0
-34.22627,-30.824572,4
36.977398,-64.893585,4
53.120514,13.242104,3
-101.19872,-1.3101103,2
19.990189,98.96019,1
-87.78035,16.466875,3
58.627224,25.74736,3
120.932205,-40.08985,4
-99.28313,-51.52395,4
76.05902,-77.25106,6
-106.18843,-2.2677212,0
82.26785,-171.74284,5
104.30199,-173.87549,5
-102.681564,-0.2898744,3
103.705315,30.371029,3
-72.80808,-14.876843,0
109.928535,158.9893,2
42.533806,-71.6657,6
112.90238,-169.94585,5
-99.50003,48.421745,2
69.03808,-76.89143,6
-104.545044,4.032308,3
108.77197,27.47368,3
-92.149994,-31.710669,3
135.58345,-37.76938,4
106.72847,118.44756,1
-92.812294,-13.995337,5
116.01716,-43.444786,4
-10.64862,-42.362312,6
70.56148,12.286204,3
73.44279,-76.53703,6
-65.6055,11.404312,2
-96.38356,-14.307886,0
-87.510185,-20.649443,5
-1.8912257,-66.15329,0
-81.019196,-18.800837,5
29.771673,113.44731,2
-75.0778,-42.13445,4
-5.3796883,-39.358246,4
-75.95727,-23.53746,4
102.909355,24.955324,3
-22.483692,141.92798,2
-89.97212,87.3188,2
-42.32151,-43.94516,4
37.867245,16.107788,3
-0.10222907,-134.9654,6
98.18702,-100.38276,0
-65.73194,123.26479,2
-22.713535,-22.247349,4
-49.80598,-49.583817,0
62.05705,25.042233,3
69.1787,15.950364,3
-85.31651,-19.82999,5
30.219309,-41.7802,0
-22.658869,-49.170124,6
-33.41174,-58.9802,0
-87.64737,62.02139,2
-57.735836,-29.851313,6
80.309296,25.667192,3
136.53355,-39.352985,4
63.427803,-76.045845,6
-60.369606,-5.8732314,3
67.83841,-167.75597,5
-69.15493,3.4050944,3
89.04778,-41.45173,4
54.50567,144.97144,2
104.84324,-171.02371,5
104.66174,-169.16592,5
-81.98978,-29.931282,0
-81.109924,38.683147,3
-69.22679,63.890316,2
113.32217,9.810254,3
103.655914,-174.49222,5
108.42574,-174.57172,5
107.02107,-87.48752,0
122.86654,-32.915195,4
132.6116,-39.377228,4
-5.105689,-37.088795,4
-68.8594,-29.033787,6
39.835564,-68.83513,6
-80.24213,-60.399837,4
-98.073044,-5.801873,3
-95.37524,-8.420649,3
-105.42125,-20.95751,4
-97.06928,55.877945,2
-7.8534245,141.51189,2
136.89061,-35.26769,4
-49.00218,-69.74126,4
22.151691,170.41026,2
82.94388,185.16942,2
105.68788,21.559711,3
-36.62176,99.909325,2
-84.42652,25.791178,3
-49.146713,-27.227087,0
-92.46939,-39.57424,5
58.983616,178.00589,4
-115.05455,3.9285,3
-84.86711,-0.108317405,3
-27.025932,34.320324,3
113.42647,-158.34573,5
-52.427715,-9.909445,3
136.37549,-39.330402,4
-69.67966,15.493256,2
109.874084,27.94448,3
109.21937,28.115751,3
-64.991455,0.70870984,3
47.111656,106.601364,1
-70.24126,8.827038,4
93.67081,17.547268,3
110.69235,-42.95691,4
-71.0176,-57.91094,4
-108.266785,8.141042,3
-28.66349,-79.902985,4
-17.767487,-122.35615,5
-76.72501,-2.9028633,3
13.299435,-7.8576193,3
-104.50147,14.607332,3
-56.249706,63.640743,1
-107.15855,27.208431,3
-61.876007,-71.75812,4
-117.52732,-12.714211,3
67.98635,-79.28361,3
74.98926,-78.23992,6
-101.69833,11.809722,3
-90.95595,88.31524,2
3.4750743,-81.39945,0
-49.78688,-26.999655,0
-54.60188,0.04356455,3
59.535954,-147.55446,5
31.792671,181.23746,2
-69.79526,-22.54715,3
-55.594395,25.84586,3
111.23292,-38.143875,4
91.342125,163.11555,0
80.26677,-140.27068,6
108.344086,23.902267,3
-60.571293,-25.73989,5
-76.28118,8.11389,3
-82.7266,106.39581,2
-22.510519,-34.008102,4
23.987656,-66.58863,6
105.772736,140.14136,2
-89.25621,-5.76339,4
-92.12355,-21.21138,6
-10.381195,161.73209,2
22.346447,-64.92049,6
-27.990065,15.247333,3
-112.44819,6.894531,2
16.19135,97.32952,1
-86.10133,-41.86375,4
-101.803566,65.3798,2
-101.14932,-42.128754,4
-88.431244,-23.552862,5
-13.92841,-60.821323,6
-48.755566,-22.11437,3
-96.77249,-34.28031,3
-95.16257,-1.222604,3
-64.87732,113.79125,2
-90.61025,-25.554678,5
72.11868,-76.78476,6
56.469696,23.440615,3
0.8316695,17.88693,3
-10.222443,-62.09544,6
110.359505,117.94947,1
-66.14851,61.93089,2
39.100624,-69.94443,0
-96.791046,3.7002516,3
49.340454,182.66977,2
114.900894,-42.11395,4
-86.060326,-16.9429,3
-73.54933,-12.644058,5
-54.542797,128.7345,2
-113.3354,-8.94213,3
-102.55444,-17.005667,0
53.64657,178.53291,2
-82.96877,-33.008022,0
-105.7413,-11.97176,4
54.220543,-37.61041,4
90.61891,189.76065,2
81.955025,-101.74885,0
111.69543,-43.346638,4
8.033526,-45.62404,0
-46.810196,-51.91894,0
-76.16671,-23.629715,6
0.7802894,-36.252953,0
103.52504,-84.40287,0
-50.88639,112.66079,2
84.81157,-42.466335,4
126.23363,-41.758877,4
-96.77337,-43.997154,4
119.14906,-41.435284,4
52.871254,-32.505047,4
120.449295,-34.831257,4
-21.284132,-52.248253,0
-31.234894,-17.836973,0
66.0723,-167.89575,5
39.4083,-141.34872,5
-72.139626,-31.559155,6
-34.844986,-61.033825,0
21.473015,17.501858,3
115.01568,12.067272,3
92.49961,-171.17986,5
-92.03658,5.5312624,5
104.97458,-42.46124,4
-14.18823,143.17252,2
6.176096,94.77601,1
-58.665237,-8.74732,3
92.84082,-172.81567,5
-89.20969,56.04289,2
-72.5162,51.43033,1
103.50623,118.58969,1
87.71377,-171.16428,5
-92.45532,23.669004,3
106.77625,-172.8926,5
-78.13205,23.785822,0
51.03932,174.63864,2
43.93744,-2.8406408,3
130.79034,-36.332935,4
33.73026,104.53636,1
-64.22656,58.309845,1
-82.25672,108.3547,2
112.50438,26.084087,3
-16.48185,84.74032,1
-104.25405,57.101696,2
28.485016,143.0377,2
-105.616516,8.140944,3
-93.02471,47.099598,2
-33.826614,-71.16593,4
16.374445,-49.148342,3
-74.112686,48.69497,1
-1.6361881,90.09004,1
34.9106,30.654531,3
-99.052185,0.3156957,3
-99.01929,-27.202541,3
-105.3024,14.7165785,3
109.16959,14.126268,3
-88.72689,-19.659227,5
111.29862,-173.43011,5
54.818005,-78.437355,0
30.034466,32.10882,3
100.00835,29.6232,3
-20.063993,-26.908222,0
-64.73886,58.218197,1
127.4287,-41.84392,4
-39.50716,141.0741,2
-90.192406,-16.032364,6
84.72026,-100.94404,0
90.08668,189.77443,2
-42.25747,-75.30726,3
104.211174,19.798925,3
-13.455164,-54.825443,6
39.080433,-71.2282,6
74.715706,-77.34038,5
22.657131,32.882557,3
51.0126,183.41554,2
-79.29542,-15.591225,3
100.376915,25.587704,3
101.05454,182.00113,2
-4.944108,-3.868288,3
-108.767876,36.637054,2
105.67389,-94.109344,0
-115.7284,3.8711958,3
38.494236,181.83174,2
49.32861,26.308336,3
24.14602,176.47366,2
26.997452,27.448082,3
-116.5909,-12.6625395,3
-62.36022,11.876847,1
92.48306,159.59102,2
-118.1783,-7.6663556,3
14.266876,172.75102,2
104.54786,29.849285,3
-83.0689,-40.49638,3
-13.999894,32.544632,3
75.43981,-78.10703,6
-95.13501,-12.61187,2
-14.637787,-32.35116,4
31.513826,-152.51605,5
24.616571,109.781204,1
-95.08629,-5.888394,3
-33.288063,9.991993,3
111.47976,118.71873,1
110.422585,117.90676,1
-92.48443,-17.525076,2
-102.33412,-37.728912,4
18.081064,165.95891,2
106.42316,-92.31278,0
94.45255,187.21373,2
-22.747536,-109.62091,5
-81.75043,-36.29488,0
39.093163,181.84045,2
-91.04864,6.0435343,3
137.02469,-36.617332,4
-45.122974,-5.7695713,4
111.86499,28.30474,3
-97.87125,-14.427251,0
-52.870266,66.822975,1
44.751484,-23.56343,4
4.8029275,93.90132,1
-101.20955,-3.7575257,3
94.10844,183.52289,2
112.96828,-42.141106,4
-90.02839,-27.27524,0
-18.004198,-57.201572,3
31.406956,180.5397,2
64.03207,-76.26609,6
51.32685,115.799866,2
-47.082325,-51.885586,4
113.65949,-173.47156,5
-29.207714,74.40619,1
-48.77866,-26.257158,0
134.96492,-39.466133,4
-93.18514,18.819279,3
101.88057,-80.55929,0
-60.72121,61.195965,1
-99.73963,20.441992,3
-92.167435,-29.180187,0
89.13408,188.41176,2
-75.97365,-16.318647,6
-93.44342,-12.690778,5
96.78488,18.999142,3
-115.885086,-8.335483,3
-31.906668,7.951641,3
98.34953,20.338705,3
121.47793,-27.421932,3
-28.454664,-71.68309,4
3.786,-31.658321,2
45.838802,-38.28932,0
72.44185,114.082634,1
-22.301538,-29.025587,4
-104.612595,-1.9700774,0
-111.679436,-13.011127,3
59.57804,-75.15495,6
11.924232,-66.2427,6
55.932217,-75.505745,6
-5.935946,-45.26209,5
-83.74084,17.117462,3
103.80518,29.521307,3
92.66522,-101.44208,0
2.4638903,-9.283919,3
38.272823,-31.557693,0
-3.0646288,-62.804565,6
-9.540117,14.06604,3
-14.813721,150.37006,2
-81.73635,-29.299166,4
94.62134,186.31451,2
85.38043,160.53513,4
-59.019344,133.02473,2
-31.73417,-53.490005,5
-114.853714,4.7035065,3
125.31673,-30.511393,3
86.154,-101.90176,0
-105.001686,29.77947,2
-49.062332,-47.952637,0
-88.03933,-25.90993,0
-101.37337,-40.514828,3
0.8175716,-63.717075,6
72.36577,114.34581,1
-92.124115,-36.217243,5
117.44497,16.73952,3
136.99817,-36.867138,4
138.1201,-32.311443,4
-97.131004,2.422807,3
104.35013,118.24032,1
56.52303,179.17896,2
-46.11913,-105.41043,5
9.615873,11.594189,3
41.702118,179.0382,2
-69.92745,83.85887,2
91.486176,188.78337,2
-67.265175,121.18096,2
-50.01244,-20.121437,0
15.563022,173.39783,2
62.0516,186.59355,2
28.507391,176.64738,2
91.95844,182.73257,2
43.4498,180.53964,2
-35.12006,150.25432,2
-34.72983,149.3007,2
100.6976,181.91422,2
-80.410545,58.049576,2
81.781166,183.75854,2
60.719307,168.81702,2
101.09458,174.37743,2
-75.717224,89.85404,2
-71.33626,119.35892,2
-89.46202,9.386867,3
-83.969475,3.8570385,2
-57.751663,133.16765,2
87.60614,187.35686,2
-71.15981,-5.6510086,2
-94.50785,40.65326,2
-79.28329,110.46876,2
32.31168,102.65345,1
87.13942,189.44348,2
102.08846,184.23465,2
63.1192,186.65996,2
99.77663,184.75844,2
99.50164,170.91022,2
-26.557398,-29.090229,3
102.07575,178.11028,2
60.735867,115.4761,2
-102.49058,66.94807,2
100.36081,184.46501,2
40.44439,173.67401,2
-78.2011,111.751625,2
26.865753,178.62085,2
34.585934,172.35748,2
75.69654,187.88026,2
56.454453,180.52844,2
-78.500336,112.385704,2
34.59325,179.92825,2
-64.782875,126.0723,2
-59.151474,131.07683,2
100.06762,184.65479,2
-27.955463,144.55827,2
92.18737,178.31749,2
54.37587,78.5783,2
-72.52946,118.88781,2
33.271008,122.64828,2
90.593605,189.71846,2
94.03713,188.5586,2
-95.436584,60.245018,5
101.164215,183.57758,2
-64.15241,127.87035,2
-70.904434,50.486965,1
-68.13317,51.631382,1
-49.197968,60.70953,1
62.96239,112.33891,1
-31.842234,77.69686,1
108.36845,118.96679,1
85.73985,115.96924,1
-62.96927,58.222443,4
93.75109,117.67861,1
102.55309,123.21108,1
76.841255,115.04524,1
105.76921,119.19231,1
100.30668,118.90177,1
71.43265,114.06509,1
86.05831,116.11946,1
105.523,118.89701,1
-70.495094,50.793163,1
53.089226,109.27555,1
-83.54847,1.2297889,4
76.68763,115.163414,1
53.349365,108.68893,1
-62.976406,50.872555,1
-30.950134,55.03821,1
-68.924934,43.726353,1
-17.418156,28.543102,1
-92.07956,-17.081749,3
-87.51854,-19.340858,4
6.353463,-38.829716,4
70.77719,-41.10159,4
-76.96872,-20.937422,4
-52.675293,-9.961697,1
63.949726,111.44662,1
-84.54356,15.796345,3
-46.355877,-12.322916,1
-44.386665,42.595436,0
-63.828003,58.580578,3
69.8791,-77.43296,0
-74.88216,70.9981,2
11.8053665,95.18258,1
-9.814403,11.268161,3
-31.609386,-20.435308,3
71.845474,28.911064,3
3.9430125,18.400085,3
116.47046,8.11251,3
88.66184,30.30334,3
-83.59684,7.3831987,3
-98.546555,-0.71507776,3
-101.59789,15.008378,3
17.1564,32.774445,3
-60.581696,8.998234,3
-98.10554,17.691309,3
-23.360966,6.387706,3
42.12771,33.578407,3
-68.3738,26.084026,3
8.661459,15.008404,3
89.10831,30.20584,3
-87.496216,24.132645,3
88.672935,-146.26451,5
-19.861536,-117.406265,5
94.20148,-158.99596,5
93.55405,-166.3599,5
102.66513,-167.44286,5
77.894,-152.81891,5
-19.971909,140.99498,2
44.80343,173.39716,2
-104.2804,57.812622,2
-5.757224,158.9641,2
75.766045,167.35023,1
71.48638,-77.17999,6
73.63862,-76.413376,6
-97.33543,-1.8275887,3
89.63395,-102.54908,0
94.75938,-97.697426,0
-90.19655,-18.14372,5
90.208305,-101.8362,0
86.48397,-144.71118,5
-88.77744,-26.880272,0
-93.56246,-14.107666,3
-97.31521,-12.982414,5
-78.29484,-7.462676,3
-81.8728,-30.601208,0
67.1817,-55.446163,0
75.25065,-78.6078,6
46.602673,-90.11401,0
-61.288864,-24.829039,6
-101.90301,8.066849,3
-106.8229,12.048897,3
-91.49462,20.956112,1
-94.85403,12.745246,3
84.33096,115.18265,1
-94.03091,-2.647982,3
5.618642,32.965862,3
-107.96999,11.742103,3
-94.5441,22.895176,3
-25.092806,33.594006,3
109.365746,27.425783,3
57.442642,28.36437,3
-14.606107,33.91277,3
29.84599,17.712759,3
-12.951315,33.28906,3
-103.565834,9.59304,3
-70.846275,25.915293,3
51.748592,-23.21936,3
-87.374886,23.794449,3
-89.88509,7.2149196,3
-97.451485,22.079615,3
-56.712475,1.4368066,3
-6.897362,16.393402,3
-97.153625,16.563053,3
-105.51416,12.827987,3
-94.19639,9.021569,3
-20.678913,43.34399,5
-67.48897,-20.919693,5
99.01884,-169.93378,5
99.603294,-170.24089,5
74.33504,-140.4016,5
-74.44782,-64.10997,5
99.395935,-165.79918,5
6.937456,-130.51482,5
-63.416893,128.44284,2
35.632652,180.7946,2
86.76602,190.05258,2
135.78062,-31.370287,4
-81.16261,-60.631,4
-59.440376,-68.5055,4
-72.85593,-50.035213,0
-102.08789,5.3774896,3
104.202965,-1.485637,3
-94.7305,0.27486888,2
91.79333,-161.4582,5
-19.976027,-117.04282,5
-61.520443,-23.74444,5
-15.39441,-23.502634,5
22.307953,-69.08655,6
108.92657,-172.23022,5
106.16671,-163.29349,5
109.26432,-164.8688,5
81.03933,-165.87012,5
-99.77745,-19.127869,0
-5.3553443,-44.583908,4
57.276505,-38.77335,4
56.50842,-48.363308,4
-47.064777,-14.372684,0
-54.86325,53.847527,0
-90.697365,-15.349389,5
99.959915,-65.83775,0
99.99606,-97.96916,0
88.62705,-75.75624,6
-11.668228,-56.58095,6
-18.16567,-59.387596,6
-7.922408,-59.28231,6
-105.82634,-8.620704,6
-1.0516925,-56.99448,6
70.1925,-77.85733,0
30.430098,-75.57056,0
-60.254417,-39.355263,0
-53.84955,-42.670433,0
-44.34323,-28.47942,3
94.66274,-98.04309,0
7.8556423,-47.351124,0
108.55193,-72.74695,0
108.38307,2.901395,3
-42.23421,-26.832155,3
-95.33137,-14.0510235,0
-84.15042,19.572433,3
-101.55331,3.48759,3
-37.20488,29.611528,3
-84.71791,19.234392,3
26.149681,19.588707,3
-14.512843,11.103701,3
-78.0076,-0.8043509,3
-94.86299,6.011374,3
109.56609,27.766415,3
-63.409054,20.740808,3
5.329631,31.584888,3
50.37249,31.88467,3
-106.10203,13.344144,3
92.41182,25.529669,3
104.49573,26.601957,3
44.443127,31.194021,3
60.4584,31.433144,3
50.975613,32.14267,3
-88.315506,23.639593,3
114.64502,17.253513,3
12.625681,31.45219,3
110.77837,19.122154,3
91.40233,-170.71834,5
113.15219,-171.68382,5
115.59028,-173.0485,5
102.57949,-173.30399,5
-50.654884,-24.044735,3
108.66355,-172.4627,5
114.64086,-174.69772,5
96.578674,-167.02858,5
91.63728,-160.59315,5
108.13877,-173.39197,5
89.45027,-171.18396,5
-34.198917,-77.85773,4
-46.78235,-76.02729,4
137.48804,-33.381653,4
-92.0675,-46.000977,4
-90.349754,-43.98765,4
-58.2793,-71.47446,4
-77.72719,-56.191853,4
-53.9568,-74.11529,4
-8.582612,-60.007145,6
94.27274,-80.969284,6
-74.50766,-23.43204,5
15.8371725,-56.531986,6
-66.65774,-22.930553,6
-97.15091,-10.691675,3
85.81978,-150.2831,5
40.33855,-151.09319,5
38.49252,-151.28415,5
-92.70844,-17.067732,0
56.370426,-162.28503,5
87.03407,-44.11904,0
91.10537,-42.2337,4
-89.67398,-48.0795,4
115.941864,2.1757638,3
-71.95909,17.913696,3
-99.87371,8.287708,3
-106.89223,7.313941,2
-114.21397,3.1411862,2
-102.9198,9.907495,1
-109.740685,23.621435,3
-113.47057,-1.8548203,3
-98.30668,13.823112,3
-100.64504,-7.634876,3
53.048153,25.37006,3
-88.06284,10.816446,3
31.622448,12.968609,5
-69.33449,-6.98798,3
-88.62172,5.703915,3
137.43636,-31.02556,4
-66.504395,-49.554203,4
114.054634,-32.47687,3
-19.233822,27.771732,3
-110.42024,7.023827,3
-13.851065,30.03256,3
-105.52343,6.1248837,3
-86.74015,1.4374634,3
-95.29199,-5.9953914,3
-62.373177,-29.492842,0
-70.390236,6.340173,3
0.16365124,-49.635124,3
-93.68061,-22.025568,6
-89.48587,-27.739643,3
-67.255486,-34.132744,6
-50.965565,-28.589851,0
83.88549,-147.48032,5
84.56037,-152.50212,0
-69.55133,-67.422485,0
-31.90172,-76.626335,4
59.960938,-85.74459,0
-80.0822,-20.38831,6
-61.738075,-27.486681,5
15.24469,-51.193253,5
11.166745,-22.542463,0
-42.148174,63.323658,1
-50.716015,-9.024886,3
-100.07752,-7.339771,3
44.307323,-158.18591,5
-18.28922,-57.445587,6
-90.371925,-20.563774,5
-67.01476,-65.80342,3
107.09893,-29.055769,3
128.73204,-26.32232,4
-43.917995,-31.985933,3
-106.145836,-13.839855,3
-101.520615,2.8921752,3
123.34842,-36.95488,3
-52.57969,-66.302246,3
133.26381,-37.22581,4
-0.016141888,-17.567682,3
-86.44638,-49.234093,3
-85.11895,-37.39869,4
-55.27958,-71.711525,3
115.167,115.091515,1
76.47294,114.81062,1
-67.09246,51.755676,0
-62.57769,58.607773,1
-4.215886,-76.31681,0
-84.36307,-23.511772,6
-76.639755,-22.947182,0
-49.405003,-44.374847,0
-86.0695,-31.636576,0
101.66719,-97.592926,0
87.909454,-101.80235,0
104.63189,-94.533775,0
-68.09861,-43.982998,0
1.5848379,125.88009,5
50.624947,-45.631683,0
37.584534,-157.7141,5
36.420216,-156.189,5
98.165405,-173.53867,5
39.304974,19.858082,3
-98.77303,18.304611,3
99.481766,24.232103,3
99.20014,18.61462,3
102.904755,24.381449,3
-91.26996,-23.717583,0
-92.87591,-15.199943,0
-92.04095,-15.740928,0
21.26343,-33.97451,2
-35.11856,-55.933605,0
41.23267,-92.878944,0
70.439156,-101.618126,0
112.3241,21.889261,3
105.56289,26.135424,3
106.14841,24.816511,3
-3.8637166,89.016174,3
-52.7386,65.711006,1
106.92324,119.54035,1
2.510297,93.4967,1
-60.86395,62.23764,1
97.514175,163.26776,2
-67.93413,52.494076,1
73.195526,113.6183,1
59.179916,110.988235,1
9.049086,96.2201,1
-81.29774,29.022709,1
-36.200787,72.11935,0
15.646102,98.00809,1
-80.28276,16.654736,3
-83.17823,48.58053,1
-56.460407,64.37422,1
90.3559,115.76846,1
106.477165,119.30834,1
81.46944,112.95168,1
106.034744,-91.40431,0
93.65227,-96.55665,0
-90.56132,-16.885859,0
-3.6103687,-53.365353,5
-88.56816,-16.028309,5
-18.46959,-36.31991,5
-18.823318,-34.288345,5
-32.433727,-33.783104,3
-73.28907,-16.640577,5
3.52164,92.931465,1
61.695568,111.12826,1
-76.36914,-31.034327,3
15.109936,-62.17227,6
-51.870235,-36.48298,6
-88.57846,-16.680273,5
54.77208,-74.29466,6
-52.745857,15.552741,2
55.19068,10.283344,3
-98.66724,-1.2458372,3
-87.01269,-25.934149,0
-5.277973,1.7347091,3
-91.05463,2.8003478,3
-96.73988,-34.27934,3
135.75455,-34.729057,4
117.55372,-41.02013,4
138.00743,-31.890743,4
137.37968,-35.745422,4
-100.25212,-46.019478,3
-103.06571,-44.24853,3
-90.57795,-52.665913,3
-103.519165,-43.804,4
-116.43634,-7.666286,3
-116.13989,-21.100628,3
137.37846,-31.041834,4
-53.957767,-47.353874,0
18.715733,-66.115166,6
88.60895,-100.92772,0
30.575825,-70.07617,6
26.683815,-70.887634,6
-56.22394,-33.841198,0
-78.2548,-21.113447,0
-86.57886,12.504689,3
109.54155,30.007341,3
108.85727,29.084972,3
111.389534,28.003864,3
92.17564,31.142902,3
-4.822151,90.1055,1
108.74467,119.738144,1
93.627464,117.93294,1
8.047942,18.5642,3
27.287651,5.736283,3
-102.47809,17.813517,3
-103.91304,-4.1216645,3
-87.25892,48.146366,5
-79.03256,-24.754747,6
-94.293076,-7.423614,3
-93.82449,-13.495237,4
-54.910877,-22.112806,6
90.63882,-73.07701,0
-64.48378,-20.257761,0
74.884476,-76.57885,6
33.41756,-72.67421,6
70.33915,-76.948685,6
75.70717,-77.51805,6
-11.250737,-56.97103,6
93.05067,15.340166,3
94.66223,19.423582,3
67.76622,-76.68223,6
-82.87514,-22.243847,6
-83.97497,-26.003479,5
-98.78757,13.258471,2
93.21851,161.71788,1
102.67488,126.06606,2
-6.0012646,-31.192272,1
-47.778847,-24.073462,0
92.070755,-101.16382,0
-58.7063,-15.389873,6
-85.95906,-9.917828,6
-23.208351,32.91269,2
104.682594,29.109146,3
-81.50649,-5.3937902,3
83.82498,-145.14491,5
-65.38275,-36.87559,0
98.27246,-100.90059,0
99.305984,-100.14132,0
106.16249,-91.751205,0
-1.2704543,-78.603714,0
83.358536,-173.03412,5
-90.68011,-26.778345,5
-47.46624,-26.240412,0
-84.36151,-23.373661,3
-99.32677,-14.280915,5
21.708168,-60.890263,0
-88.25795,-19.094202,6
-101.103294,-6.779662,3
-17.24476,-53.44521,6
-101.96743,-9.571318,0
-47.41562,-19.974546,0
-55.98692,-19.483784,0
-86.11029,-32.935474,0
97.807816,-99.9971,0
87.07662,-103.117744,0
102.68314,-90.875175,0
-71.06057,-40.530106,0
-98.99976,-11.21948,0
59.58939,-98.897255,0
95.45121,-97.96468,0
-12.807619,34.5221,3
27.29502,24.070381,3
-15.703837,33.75834,3
-94.746315,4.478259,3
-97.54643,-1.5925386,1
31.1467,-71.65336,6
101.58714,119.095825,1
-94.358864,-18.300564,0
88.95127,21.131937,3
1.093048,30.028767,3
24.548532,17.556837,3
14.416927,20.585155,3
106.32184,14.581149,3
74.98213,-77.22296,6
-59.86143,59.256077,1
100.43648,-99.00157,0
80.90804,184.71803,2
81.36854,186.29486,2
118.74593,-42.64445,4
119.41766,-42.039364,4
136.41797,-34.79293,4
127.9232,-41.0127,4
-33.433796,-78.151085,4
4.7068744,-58.224037,5
4.6387053,-55.707058,6
-81.04969,-15.84985,3
39.845757,13.484504,3
-73.80682,-36.63133,0
58.272423,-94.865105,0
-71.35971,-37.415127,0
-113.955894,-3.7826343,0
112.818245,-173.65201,5
-66.12844,-68.02496,4
-47.631496,-74.78466,4
138.18979,-35.029125,4
-102.45489,-45.515003,4
135.72588,-40.129227,4
-3.3147504,5.430569,3
-87.94742,20.020647,3
107.823296,21.078878,3
33.99758,30.63803,3
36.83165,29.72155,3
109.66053,22.952356,0
109.46559,16.66157,3
137.86877,-30.97707,4
135.15416,-35.8372,4
138.1043,-34.607807,4
99.08781,118.29462,1
98.65182,118.319214,1
-117.22755,-4.8565536,3
3.8952029,93.415794,1
-17.258816,-18.815414,1
-15.823638,79.873924,5
-111.85731,2.5770545,1
-107.760376,10.612929,3
109.298164,-35.497696,4
-37.213306,-40.823475,4
107.94693,-41.506332,4
-103.2624,-10.271808,4
71.82335,-98.74588,4
-23.565697,-75.82907,4
127.317055,-31.837217,4
9.82669,-41.960835,0
-78.00677,-16.290052,0
18.018354,-26.777103,0
114.0674,-173.38664,5
113.2408,-174.0124,5
-32.37317,-113.63875,5
-107.10456,-14.51292,5
-101.92884,-24.32258,5
-87.44745,-22.945988,0
-20.547768,-117.532684,5
-94.5854,-12.8562975,3
53.03276,-96.62693,0
-86.227585,-20.341795,6
39.552883,169.84909,2
-17.022,-53.268337,0
-82.37815,-45.18247,5
19.225063,-63.504326,3
-24.388456,30.816807,3
2.8186703,-133.11119,5
94.8368,-164.8063,5
94.269844,-170.99908,5
20.511602,-140.77037,5
53.15405,-154.85051,5
-38.017887,-70.61131,4
-5.251151,-26.885948,4
58.176548,-31.505714,0
-89.75042,-30.370989,4
-70.97056,-30.473799,0
-98.925575,-37.320286,4
-74.59132,-27.553854,0
103.87945,26.48458,3
-79.43051,-16.487267,4
-104.77058,-10.641204,4
-94.61603,-12.450735,4
-72.93642,30.569918,1
-97.65682,-0.26681602,3
-106.431755,-13.605553,3
94.22705,20.327133,3
-46.49702,0.28225446,3
-3.15689,-5.9619565,3
5.623938,-3.8310032,4
-81.80882,11.57962,2
106.58362,12.6095085,3
-37.753727,-23.202616,3
-13.359694,25.20277,3
93.97924,-101.1805,0
35.23156,-91.5215,0
-94.63977,2.4182115,2
-38.659805,70.48939,3
-105.70257,13.594319,3
-88.88494,-18.877396,3
99.50055,23.860529,3
-78.2592,41.155178,1
-98.892815,-7.079526,1
-103.24332,-8.0984335,3
-91.95902,-14.582072,0
-98.36594,23.886343,1
-106.39494,-8.897607,4
-74.67645,49.23958,1
-44.17948,65.559784,1
-77.55701,21.442234,1
1.0355986,91.74863,1
-84.90154,44.102848,1
108.02621,117.98908,1
43.89944,-83.98736,0
68.074234,112.945915,1
-88.0245,-17.68054,0
86.145226,-99.412544,0
-61.161922,131.66576,2
134.4911,-30.567373,4
133.71698,-37.38855,4
-89.77119,-44.220364,4
-97.87534,-0.2995476,3
-35.123783,33.746857,3
-89.76708,15.403339,3
-109.5955,-4.1582403,4
-84.64034,-23.994806,0
-3.4714515,33.660706,3
36.79293,9.888384,3
-104.55654,-4.0936084,3
-99.397964,-5.9644694,3
-91.80772,-22.037476,0
106.16412,-41.454224,3
-67.47908,8.882061,3
-81.83077,-33.561474,4
-16.126783,-26.500444,4
-102.66505,-14.583463,4
-105.16402,-13.427408,4
-111.14586,-11.425248,4
49.642887,-94.090294,4
93.78418,-99.84421,0
56.528507,-71.995346,4
-94.23659,41.862495,3
85.862625,165.44998,2
102.595184,22.781492,0
-43.424213,15.300495,3
-65.98213,-61.663513,4
48.601093,-161.42067,5
-78.06038,-19.749987,0
85.37728,189.79578,2
41.06051,182.382,2
114.14521,14.343896,3
-86.93837,15.987691,3
-90.785545,15.351649,3
-21.80615,14.892005,3
-90.88479,16.217854,3
-109.345894,19.591795,2
-101.27867,-9.562114,3
55.031773,-163.33374,5
112.37831,-174.73634,5
128.78574,-31.558647,4
-71.192276,39.775005,1
137.65446,-35.352142,4
-40.2027,-55.43997,4
112.79536,-41.806915,4
6.122179,-27.724703,3
-77.51079,4.1580167,4
119.15905,-25.708838,4
-75.555176,-36.22857,0
28.079884,-13.659795,4
-92.38254,-10.6891365,4
119.534004,-34.311043,4
17.673927,-64.222206,5
-98.97203,46.968246,2
11.263257,139.07191,2
-70.29829,88.21894,2
-73.02846,84.66287,2
-34.792377,-76.58053,4
98.15702,-77.81677,6
-34.294937,-44.34904,6
-68.20634,-29.947697,6
-94.47656,-21.700338,6
88.39551,30.08106,3
127.11296,-42.19605,4
-83.931335,-62.47053,4
132.64626,-39.818073,4
-73.89276,9.528807,1
-86.696945,8.509038,3
-92.64967,-22.393578,0
93.53578,-166.64673,3
-79.98985,-17.77387,3
-65.97707,-52.89999,5
-95.4505,-28.980412,0
-8.975723,-10.256981,2
-62.51855,-8.064516,3
-61.50643,-6.9649982,3
-88.28344,7.643349,3
-91.56801,3.836775,3
-96.10873,0.7094591,3
-94.7005,27.843605,2
-37.820534,-31.61745,4
-42.775646,-29.922495,4
77.52416,-12.916878,0
56.283184,-79.94397,0
-94.62444,-4.911953,3
-72.36643,108.284744,2
31.861652,-69.39959,6
27.737057,-73.407906,6
-43.358788,-52.762512,0
-65.54604,-13.112127,3
-111.49132,0.63879216,3
31.257666,-138.18517,3
-88.29598,-36.37069,5
104.89322,110.2966,1
-102.6708,15.447166,3
-46.816402,-52.915325,4
-46.506916,-53.398407,4
-74.18335,23.159817,2
134.63902,-39.912655,4
118.13898,-42.323845,4
-41.28035,-48.594612,4
-74.89247,1.109716,3
-95.38153,3.2789688,3
3.4545832,156.40526,2
-56.723217,114.34257,2
-67.69891,117.10596,2
44.38667,174.53508,2
-20.323076,153.3488,2
90.01544,183.32968,2
39.152958,177.4837,2
94.06828,174.50272,2
-51.718792,124.29726,2
92.71657,174.5718,2
-16.883875,-44.860657,0
59.890778,110.130196,2
97.03424,165.91676,2
-103.118835,51.463947,2
-76.322495,-23.737926,0
67.73147,-76.32488,6
72.763275,-77.28448,6
71.69737,161.36826,5
74.517654,-82.99075,6
22.350105,-63.43817,6
-108.59043,27.327654,3
-69.08771,117.59249,2
75.02931,-77.87353,6
-90.41762,-5.4948425,3
129.64441,-39.038967,4
128.64835,-31.715652,4
-89.33662,-22.13304,4
82.74914,175.2055,2
80.87003,-148.13223,6
15.342981,-129.92577,6
-92.72881,54.085632,0
-51.349464,122.709885,0
43.490486,32.299503,3
-0.41337255,-24.176092,0
-47.282967,-74.56505,4
-50.116825,-72.77517,4
-38.62432,8.956606,3
102.96096,181.82532,2
-68.56358,31.613543,3
-18.750965,83.00448,1
43.72516,-73.464424,6
-10.599847,-59.277782,6
-23.486563,-112.94031,5
-38.01159,1.3141677,3
-110.95822,-8.330791,4
-102.60425,-9.971163,3
-60.17741,-27.757475,5
-21.185675,7.9647956,3
26.066502,100.13813,1
86.6403,117.16484,1
-115.52073,-5.759465,3
57.767796,-98.64135,4
19.588211,-142.58528,5
91.20512,189.25511,2
107.875786,28.763689,3
-107.15023,-3.7865303,3
-95.954895,-5.96016,3
-98.87758,-11.50259,4
-12.031676,-46.081123,5
-91.79824,-5.6242595,4
-50.22441,-51.421772,0
-106.22827,7.071603,3
0.45842436,15.373986,3
-58.2351,-46.112804,0
86.76285,180.7565,2
102.54784,118.77463,1
71.54324,114.1953,1
45.418682,-160.01204,5
-98.71098,58.02878,2
-93.90726,23.397173,3
0.072537,12.819627,3
-97.412186,-2.1253664,5
-46.0168,-52.00331,0
66.80115,145.7248,2
-52.242847,14.218356,3
-64.4553,125.4231,2
89.08532,183.92947,2
10.387668,-28.23308,5
-35.784008,-15.95209,5
136.2345,-34.280907,4
-84.14084,4.6666636,3
-92.009125,-45.0064,4
-93.0662,22.609655,3
-84.45527,36.357807,2
-101.75427,49.5031,2
110.424675,-42.264736,4
-80.25335,109.987946,2
87.82203,-33.830822,4
76.899315,-169.92908,5
-12.426795,-127.198616,5
-12.566099,32.395954,3
75.89031,180.86343,2
-77.95803,25.793835,3
-96.90383,3.9005904,1
-92.86187,-4.88512,0
55.496265,15.067048,3
-6.682506,12.71344,3
-68.942535,-54.828854,4
112.688866,-174.6453,5
133.64374,-36.798298,4
74.82986,26.157282,3
-102.3764,17.419724,3
109.96439,18.429976,3
-104.70348,4.732599,3
67.486,26.228529,3
84.81966,-101.35261,0
95.4523,-99.38361,1
73.97986,174.35707,2
-98.48264,-6.599441,4
-82.54227,-54.453796,4
-36.848473,-77.27289,4
-115.102066,-3.9416795,3
-16.291353,29.175472,3
-111.26261,-8.796336,3
-75.89916,-12.899379,5
-79.8412,101.22377,2
-83.64455,5.057237,3
-18.686863,138.90895,2
-81.52064,59.07079,2
-27.443434,133.67624,2
-31.676355,6.6557384,3
90.06731,182.27086,2
-98.20786,70.880424,2
-93.68936,-14.770082,0
-77.8458,-39.579773,4
129.2116,-32.724163,4
-83.3522,-8.087956,3
-103.11544,-11.550652,3
-100.78968,-9.56614,3
-94.71133,9.52444,3
-102.091934,-6.6093645,3
46.989452,7.628004,3
-54.12722,17.357153,3
-93.880615,2.889883,3
-84.60373,-3.3556886,3
-6.85989,10.893842,3
-73.01377,-33.35999,0
101.310234,-99.53608,0
-114.90977,-6.7815843,3
53.363407,28.347017,0
7.321309,8.97199,3
-21.495733,-11.929481,0
95.40811,185.6091,2
55.288452,30.821182,3
109.201225,-37.262516,4
-78.16241,70.16062,1
58.752235,179.9267,2
-85.75829,-22.491613,5
-67.67621,-64.98647,4
-92.50606,17.077452,3
-112.45445,18.02974,3
-100.447845,3.7603233,3
66.055855,113.614044,1
-62.24378,-62.81805,5
-92.322334,-21.667746,3
-99.95464,-38.5625,4
-104.27509,-0.564376,3
90.74848,189.95317,2
39.872135,172.58318,2
-97.07681,-0.37638375,1
-100.245544,6.3215494,3
-99.42577,55.019596,3
-52.14747,10.140898,3
24.76546,-2.2575598,3
26.595043,-0.77193725,3
74.76172,-77.22589,6
-106.95469,14.079427,3
-82.44967,12.707521,3
-105.501945,47.475025,3
69.38743,-76.88402,6
-48.703632,8.641928,3
41.89598,30.771841,3
-86.35581,-5.696068,3
76.351074,179.34052,2
-114.67284,4.8240485,3
91.402916,187.2958,2
-42.641323,-75.488304,4
92.29941,189.9465,2
20.448393,-56.68022,4
-107.91473,11.399661,2
-108.057205,10.43622,2
43.905388,-90.13522,1
84.257904,-172.83795,5
-81.56985,-24.900146,6
-106.63969,-17.603203,4
106.68673,27.437382,3
22.650576,30.639095,3
20.971985,28.657803,3
-58.197075,133.19933,2
90.57292,-172.68575,5
-34.416546,17.939863,3
-62.111565,-67.0766,3
107.6531,-45.39431,4
-90.041336,18.65986,3
112.58495,26.47761,3
111.33735,26.166615,3
83.73972,30.12144,3
110.65109,25.520184,3
-47.72089,-72.3036,4
13.916867,-67.94476,6
86.919235,176.65279,0
-92.751915,-12.202734,3
-39.942787,132.25702,2
95.60702,188.72151,2
-51.281864,136.07237,2
-92.21639,-19.769009,5
-43.508114,-76.53174,4
127.83341,-40.50424,4
81.618004,-38.741676,4
132.54033,-37.711685,4
5.089915,-54.52875,6
-28.956438,64.08114,3
84.676956,188.85294,2
-82.898094,104.7648,2
-66.83194,-22.564865,0
-87.9992,20.32664,2
-109.41342,-2.7387066,2
-89.828156,2.0888915,2
-61.335915,127.73852,2
52.44593,177.11955,2
-36.48969,29.58282,3
-110.888275,-14.01351,4
-103.28502,-47.629425,4
-100.479935,-51.465282,4
-37.44468,20.803095,3
-114.43551,3.152057,3
-111.72274,-5.19576,4
-110.579575,-4.961833,4
109.73845,25.45517,3
107.67916,27.27445,3
-66.33589,-9.939456,3
126.95454,-37.375404,4
130.58095,-25.608562,4
-96.092896,-43.528816,4
-50.68409,-68.17018,4
-60.431843,-12.926273,4
-61.964962,-14.471085,4
-85.13426,0.2922447,3
-41.55633,-67.74862,4
-44.721863,-72.74312,4
120.83859,-31.72935,4
-42.660324,-75.760315,4
113.02235,-21.039293,4
-70.16999,-37.144817,4
-77.33938,2.805765,4
-51.617073,-68.1414,4
-10.577922,161.728,2
-108.10427,14.366425,3
-107.64595,12.782268,3
-100.72874,19.55726,3
-105.18599,41.027534,2
-104.784195,-3.7874749,6
100.28907,184.47302,2
-56.194782,-20.317059,3
90.430016,29.371618,3
113.473114,-36.856544,4
113.73958,-37.462345,4
-99.840034,-47.17642,3
103.17306,12.110466,3
83.19457,23.630713,3
-66.87343,-55.74261,3
-63.951912,0.5588088,3
106.81442,27.541456,3
-83.954796,-27.720873,0
60.396168,20.596645,3
-105.493095,10.536699,3
-92.65213,-11.256834,3
-23.804037,21.522665,3
-55.099804,26.472237,3
