UMAP1,UMAP2,label
-1.7437863,-1.4037985,3
6.5730824,-2.3767805,4
5.9356537,-1.5866152,4
-3.931403,4.553634,0
-1.8452173,-1.0531718,3
11.83235,3.1827214,2
-3.379717,4.6716423,0
-2.7934835,-1.6940106,3
-1.2678944,-0.72173196,3
12.007449,3.005888,2
-3.8718524,4.4365473,0
-2.799657,4.7958694,0
7.3555884,-3.1620595,4
-1.1311969,-0.8887705,3
-1.026446,-1.5916618,3
-1.9698434,-1.3625215,3
12.627771,2.7878401,2
-2.8042445,-1.7006006,3
6.738197,7.9196835,1
-2.6908975,-1.648819,3
2.2231839,10.637169,5
-2.1308982,-1.4812855,3
6.566276,-2.307196,4
-2.4005105,9.310631,6
-2.626718,-1.6355718,3
-1.0277716,-0.78193074,3
-2.397555,9.348749,6
-0.77994895,-1.1045195,3
11.811867,3.2650485,2
7.0283875,-2.8829978,4
-0.47576362,-0.37587422,3
-1.7662748,8.8216305,6
-2.184637,4.8871484,0
6.076079,-1.2159574,4
12.321199,3.2244473,2
-3.378002,4.813965,0
6.0087013,7.1913085,1
1.1911715,9.763857,5
6.0065446,-1.3439461,4
6.4097037,-2.183878,4
-1.2747719,-1.4406309,3
-1.6152314,8.56734,6
-2.0816064,9.11137,6
7.05915,-2.9107783,4
-1.6920329,-1.813259,3
-0.31384438,-0.7602981,3
12.423603,2.8048925,2
2.1163867,11.418202,5
-0.5883022,-1.5868952,3
5.848604,-1.7579117,4
2.1839643,10.885419,5
-0.8770786,0.2743172,3
-3.9015443,4.450643,0
11.843835,3.156604,2
6.428904,7.084226,1
5.038596,0.22517087,4
-1.8655083,8.951026,6
-1.0084895,-1.6235284,3
12.708638,2.7708924,2
11.169844,2.9328978,2
-1.4135278,5.101209,0
-1.6836215,4.184269,0
-4.2547235,4.5480485,0
6.2370744,-1.9791558,4
12.6980095,2.786822,2
-1.7627172,4.1167893,0
7.0483193,-2.9020133,4
2.0812612,11.522595,5
10.5838175,3.3814254,2
-0.85263425,7.882637,6
1.9164332,11.487521,5
10.822283,3.3327477,2
11.347197,3.21566,2
10.92716,4.0107756,2
-1.9715141,4.482772,0
5.8420334,-3.0636597,4
1.1335492,9.900663,5
-1.4733852,8.570611,6
5.8265815,-1.5922853,4
-2.8051972,4.614959,0
-4.1314363,4.8644676,0
-3.9490137,4.7730594,0
6.70831,-2.3928516,4
12.248376,3.2629275,2
5.823166,-3.0500665,4
6.2482195,7.646531,1
5.540758,-0.835795,4
-1.9064214,8.9925165,6
-0.8951141,5.131418,0
6.8217893,-2.6994786,4
12.367802,3.0264387,2
6.036945,-1.4793231,4
-2.4777327,9.21918,6
-1.4599587,8.541572,6
-3.189205,4.482536,0
-3.1738298,4.748923,0
-2.0301616,9.072663,6
2.332389,11.2783165,5
-4.232675,4.9046917,0
-2.399459,9.337332,6
-4.204038,4.5837407,0
10.633777,3.9522274,2
5.7885904,6.868438,1
6.445846,7.610497,1
6.7160974,7.9228563,1
12.164704,2.8735526,2
-1.9214227,9.034679,6
2.2649245,11.1964245,5
-2.487981,9.208996,6
5.7178483,6.4907055,1
10.944444,3.4507728,2
12.003672,3.4603705,2
6.3797393,7.2860403,1
1.9628214,11.36424,5
2.0881152,9.85681,5
2.11179,10.973049,5
-1.7694299,8.825058,6
2.3253655,11.308895,5
-0.8893136,7.740861,6
1.9285274,11.497967,5
1.1691172,9.891441,5
6.309567,7.812986,1
-2.3916602,9.340969,6
-2.3953528,9.314568,6
6.240309,7.01384,1
2.2304037,11.203601,5
6.397401,7.000545,1
-2.3986487,9.280959,6
2.1288624,11.4367485,5
1.6408721,11.301227,5
1.2845459,10.56698,5
6.5401235,7.222652,1
2.0613203,11.521387,5
6.383635,7.2908425,1
6.489151,7.493369,1
6.8738036,8.077907,1
6.771898,7.961963,1
6.91982,8.121971,1
6.4784164,7.043397,1
6.6235805,7.821456,1
5.7712016,0.5035715,4
4.4454627,-0.7897551,3
-3.6322186,4.7677083,0
-1.1466175,-0.90590495,3
-1.5960953,7.6653285,6
-1.5830683,7.6585774,6
-1.1119376,3.995787,0
1.0732119,4.934983,3
6.195945,-0.51903707,4
-0.74150825,4.3694267,0
-1.6825373,-1.8121473,3
5.0494566,-0.63783216,4
6.6720934,-2.438218,4
6.3493414,7.097115,1
11.050451,3.2343261,2
12.405874,3.058361,2
12.382478,3.0116546,2
-1.7306594,-0.9145699,3
0.65718675,-0.17854723,3
0.5853171,-0.24050382,3
2.1991334,3.6207023,3
-1.0632825,8.148758,0
4.4436936,1.3118998,4
2.0468931,11.458127,5
4.1321187,1.2944076,0
0.2664884,-0.17481534,3
0.35003683,6.5088468,4
2.152778,3.9084415,3
1.7398151,3.249849,3
0.5966853,-0.12287387,3
9.940416,3.2616007,2
1.0204589,0.6350315,3
5.6106668,1.7481029,3
10.940384,4.0906234,2
11.2699585,2.9279158,2
-1.6455052,8.602036,6
1.5355426,5.903097,1
6.7073827,1.4756378,4
0.92294735,0.121865444,3
1.3372997,1.7707747,3
0.4575275,-0.30591077,3
-0.8650774,7.9617233,6
0.9152405,3.015731,3
1.026366,3.3111115,3
0.5615793,1.9694684,3
0.8886854,0.6991425,3
-0.971228,2.9760487,0
6.7947392,1.7965069,4
10.504849,3.2610965,2
11.766936,3.6237123,2
-1.3898952,8.521015,6
1.6788195,3.700279,5
9.395835,2.7563689,3
2.0228956,11.375678,5
6.096236,-1.830044,4
-3.2200217,4.6859403,0
5.7766967,-1.0375341,4
1.37335,1.9060642,3
6.614834,-2.4779296,4
4.3588257,-0.22285974,4
1.1325365,3.3520226,3
-0.86512494,-1.098424,3
7.896475,2.7453115,2
4.604547,1.406803,4
-1.3585609,4.984869,0
0.879439,0.0046952404,3
11.51043,2.9486158,2
2.1602025,0.9170122,3
-2.792472,-1.6791085,3
6.7056093,1.9071395,4
4.3737803,0.30274203,4
0.20578802,4.8985214,0
0.30429804,2.30514,3
-1.6108568,7.6708536,6
0.40908572,4.75406,0
1.1422108,2.2740588,3
-0.39686695,-0.61103857,3
5.861737,-1.6201786,4
1.0177164,0.3974026,3
0.8377792,-0.0372028,3
1.3329471,6.1674747,5
10.338484,3.2140238,2
4.7851844,5.4978476,3
10.798914,3.4477363,2
1.8103787,0.37391564,4
1.434117,4.0479927,1
-0.13812418,0.54488707,3
11.247042,2.927145,2
9.509206,4.4383574,2
1.4890169,2.86291,3
0.69240737,0.35540345,3
1.3174105,3.110066,3
-0.062100817,0.25911874,3
2.3467438,11.2848215,5
5.897221,6.616392,1
0.085662544,0.6769359,3
6.168091,6.69229,1
-1.8662502,-1.0737557,3
1.9523762,9.612239,5
-2.0671353,4.0993834,0
5.585268,1.7622067,3
1.6638943,9.960107,5
-1.2177942,5.2489843,0
4.994832,-0.43758562,4
8.804538,3.7905388,2
6.168937,-1.2504054,4
11.054264,3.3697095,2
5.213869,-0.06780254,4
4.6792684,-0.28255275,4
1.4514781,9.991592,5
5.0710545,5.801022,4
-0.00656678,-0.4071172,3
0.6197287,6.0050187,5
0.559348,-0.03844948,3
3.2014499,0.89951587,3
-0.13158791,6.5169077,4
2.407381,3.9482605,3
-4.1453633,4.914504,0
6.9536963,-2.830136,4
2.3443935,11.325904,5
10.871441,3.208438,0
0.76317644,2.0089521,3
-1.493745,8.587739,6
12.280378,2.913304,2
1.6637636,9.339031,5
1.932825,10.766438,5
1.1594428,4.992825,5
2.3231053,3.5352437,3
8.726553,3.8742645,2
-1.2791401,-0.7050264,3
-1.3456297,5.249561,0
4.587662,1.6528766,4
-1.6741537,4.2415442,5
0.65391827,2.8050227,3
0.4893132,4.852017,0
5.0096674,0.31329575,4
-2.392568,4.880157,0
1.6808467,4.127703,3
9.81383,3.6518888,3
-0.926639,5.1418304,0
-0.2830161,5.61912,0
-0.6330478,0.452196,3
2.0316563,11.5388975,5
6.1576834,-1.3756171,4
5.8173203,-3.1178849,4
0.75095814,6.336862,3
5.752862,-0.27944764,4
-0.5297858,4.604206,3
0.4315454,2.568565,3
7.615017,3.8846352,2
10.589104,3.9034417,2
5.3014317,1.7637651,3
0.43918526,5.2433333,0
5.675819,-1.3625432,3
5.290419,6.2154503,1
-0.13720267,-0.24744645,3
12.440602,2.91481,2
-0.2606388,-0.3848207,3
0.5460831,0.37591246,3
2.2651484,3.976618,4
-1.4983864,5.1483345,5
11.595794,3.3341877,2
6.255534,7.4127665,1
6.3510194,7.287713,1
-0.83163756,4.82415,0
-1.8952569,4.1840067,0
5.715567,6.524237,1
-2.3394084,8.872123,6
6.3388696,7.3382883,1
2.7888596,0.4664457,3
-1.2610849,-1.8419255,3
0.34206033,0.9402255,3
8.352882,3.6777751,2
-1.0599824,-0.7462324,3
4.7277465,4.9472146,3
-3.4364216,4.802054,0
-0.9670466,-1.200104,3
4.9364443,5.6600213,4
5.544946,5.977108,1
9.531705,4.2988915,3
5.5242214,0.028571941,4
-0.84809405,-0.47105286,3
9.499713,4.503933,2
4.951328,0.5204047,0
1.1581709,4.9119306,0
5.1737013,-0.03647708,4
11.40031,3.4301488,2
-0.4157342,0.53856015,3
10.789171,3.446108,2
5.39914,6.3153706,1
5.899997,-0.22626011,4
-1.5865375,5.043141,6
5.9751167,-1.1449648,3
9.550011,4.4064837,2
-2.7513857,4.795255,0
-0.13971324,0.40365762,3
-0.7230283,-1.342534,3
9.786419,3.8598175,2
0.6476075,-0.10838235,3
2.0379777,4.570136,4
5.6342316,0.50547796,4
9.704192,3.9637778,2
1.5519177,5.9966063,1
0.032598976,0.6444,3
1.5171267,9.385632,5
0.95391023,0.8531626,3
11.618576,3.066997,2
-4.1170034,4.852915,0
6.3737993,-1.2371418,4
1.3347387,9.641501,5
5.8378396,6.8863893,1
0.09368284,-0.06776848,3
-0.9859809,-1.7251076,3
7.9501753,2.729443,2
-1.0681956,8.168498,0
1.2507838,5.458551,2
1.1753774,5.1375065,4
11.023286,3.2012815,2
12.714846,2.771843,2
6.9660654,4.521624,2
1.7070547,9.257319,5
6.649323,1.9781873,4
5.896629,-1.7450913,4
11.285201,3.5215356,2
12.309271,2.92366,2
10.551255,3.25707,0
2.3045173,3.583799,3
8.668812,3.8947735,2
6.59461,-1.1403228,4
5.540942,1.0472286,4
2.1081367,11.470275,5
2.1225805,11.427327,5
4.6884127,4.702485,1
-3.8085108,4.6124387,0
0.6308308,2.8284683,3
6.9433737,-2.7330604,4
1.3981656,6.176809,5
3.1769419,0.9211141,3
6.6718383,1.1617364,4
1.9785584,11.136004,5
7.1978135,2.6022449,3
6.518533,-0.7603544,4
1.8586563,3.936815,3
2.7301772,0.4462052,3
5.986929,7.145927,1
5.618032,1.0413368,4
1.288022,2.6500206,3
1.8632853,3.2690876,3
0.45900598,6.492448,5
6.976714,4.5112066,2
-0.74624443,2.608943,3
9.4402,3.0447922,2
2.1721697,10.689326,5
1.4609321,10.528519,5
3.4754293,0.68338317,4
0.115020186,0.9147556,3
0.5391177,1.1523286,3
4.668576,5.1005335,3
0.11942747,5.523472,3
5.321773,6.346678,1
2.0207791,10.705753,5
5.286604,5.9751854,3
1.1591879,0.3281535,3
9.51043,2.6695096,2
1.4576435,8.94796,6
-0.34452963,2.8423262,0
6.419372,7.4359183,1
2.3617387,4.139394,3
-4.158992,4.844188,0
4.436505,5.135922,1
1.4344237,10.849002,5
1.8181169,2.9495027,3
-1.9285862,9.012461,6
0.31384626,2.7854235,3
0.43340003,6.7338243,6
-1.6606505,5.0820055,0
1.2122219,2.3164554,3
2.5592058,4.0996504,3
-1.4438496,-0.9343937,3
1.1356902,9.832484,5
4.3527174,-0.23825364,4
-0.697106,-0.10776893,3
4.8820744,-0.9415644,4
-3.905978,4.802278,0
1.0660994,6.074119,5
9.359504,2.7248518,2
5.9961414,7.047818,1
8.85225,3.6721988,2
6.5450497,-0.95865965,4
5.433066,-0.84185874,4
5.7115602,-1.370755,4
5.33403,-0.27139854,4
2.1909525,3.788418,3
1.5991801,4.840869,3
-3.7646492,4.903635,0
-0.1527654,2.3984067,4
1.1212685,8.792752,3
-0.15558466,6.3339114,0
5.472855,-0.43990988,5
10.832871,3.886731,2
-1.4630847,5.0013323,0
1.1537635,9.93142,5
5.9922013,-1.0567898,4
5.8107076,-1.7743983,4
5.7187986,0.83783364,4
-1.1203998,-1.7167257,3
-1.126515,8.02173,0
-1.7161809,8.809724,6
1.6573371,9.190594,5
10.820617,4.144122,2
6.40448,-0.6891527,4
1.1373748,9.934412,5
6.0904613,7.1127715,1
2.4950163,0.5055921,3
0.45500952,6.480275,5
0.4413388,2.4241426,3
-2.148795,4.4363155,0
-0.21724278,0.93001604,3
2.158801,11.43042,5
5.4761205,6.2487454,1
1.7427621,2.6833258,1
0.9861774,5.201225,0
1.6346769,3.0246782,3
6.0465093,-2.0026724,4
9.927458,2.7013853,2
1.1611768,3.6561007,6
12.130375,2.796497,2
1.3640734,3.755847,0
1.8994346,9.358043,5
0.9594417,2.0061111,3
5.0101047,0.4526004,4
-0.5744958,5.2779465,6
1.8223321,10.100386,5
4.7085214,0.09988682,3
2.3886704,4.155282,5
-4.2653623,4.473833,0
-2.6484067,4.43521,1
7.196588,2.5856545,3
1.0516937,8.808742,0
1.6878816,11.195177,5
4.8172197,4.380775,2
7.5483637,2.9315448,2
1.073876,0.5707673,3
1.1666752,9.809412,5
6.408386,7.5969386,1
-4.211378,4.556908,0
-1.1002281,-1.5925485,3
5.836664,6.5910015,1
1.7999423,3.3389893,4
9.026088,3.076055,2
0.3024844,5.2526836,5
-1.3660822,8.490332,6
6.3440714,-0.5554933,4
7.605541,2.6970131,2
11.849159,3.0658224,2
1.399482,2.4237757,6
-0.94863445,8.066913,0
-1.4864869,4.336574,0
1.266342,5.015688,4
-0.45235318,7.31787,6
0.5883,2.0225592,3
11.879778,3.2894278,2
0.24218866,6.0738106,0
6.162933,-0.76442766,3
-0.03674636,6.174409,6
5.9110584,7.1043983,1
-0.08001309,5.2565928,6
1.0837444,0.25786135,3
5.645255,6.454985,1
-0.0016534933,-1.3206053,3
1.2199837,4.1840587,3
0.49092993,-0.043569732,3
5.548768,1.7454603,3
8.867082,3.754953,2
1.1524912,9.771088,5
5.714239,0.9695435,4
-0.63289344,4.7775755,5
1.1503094,4.516196,5
-1.217087,4.515868,3
4.558686,4.9922833,1
0.6070612,1.9439778,3
-0.07212259,0.46943995,3
-2.5984945,4.6593795,4
5.5948567,0.8980776,4
9.846925,3.2097788,2
-3.7588325,4.8872066,0
9.296931,2.8593166,2
-3.9457996,4.722537,0
0.81809676,5.9016495,5
4.3463426,0.23508951,4
5.15359,6.2077117,0
0.46622303,-0.32124045,0
-0.9741506,-0.04271201,3
9.524373,2.717929,2
11.018224,2.8535058,2
9.097666,3.0353217,2
9.509646,4.451392,2
-1.6983953,7.841275,6
6.691692,1.3316144,4
-0.39746532,7.288852,6
1.9503098,11.426425,5
2.1892433,10.830808,5
6.4588037,7.460588,1
4.546333,1.0820019,0
-1.5666118,4.644081,0
4.9128327,-0.9298251,4
5.1999035,-1.2926244,3
-0.092326276,0.32403523,3
1.4372249,3.7880456,1
0.57485396,0.12676208,3
-1.9912137,9.040576,6
-0.48024747,7.235773,6
9.259184,2.8693352,2
2.2789614,3.5903533,3
1.5994405,5.985039,3
0.28276017,1.8479493,3
5.600568,6.465699,1
9.133776,2.9390638,2
10.712592,4.2164445,2
2.0213962,10.444609,5
4.9272127,-0.7602226,4
-2.423775,-1.6619854,3
6.942901,4.5428042,2
5.5602627,6.074324,1
12.168601,3.5034888,2
8.964661,3.6859438,2
2.9461324,1.0357671,3
10.729169,3.9965758,2
-0.6288291,-1.0143116,3
8.046746,3.023706,2
0.03183345,-1.3330016,3
-1.7488542,4.0014944,3
-0.17624664,2.9858665,0
2.1159813,9.111348,5
6.2346225,-0.7666504,3
-1.5668404,-1.7396946,3
5.5408225,-0.7096888,3
3.1169302,0.87892646,4
0.4896178,5.244085,5
-1.113678,-0.8450127,3
10.764692,2.906049,2
1.5080657,5.9685745,1
5.7543387,0.5729298,4
5.8467093,-3.0677857,4
5.728777,0.58415186,4
4.4202785,-0.8033214,4
-1.895396,4.5299125,0
1.653837,10.101129,5
5.753169,-0.18636319,4
6.332418,7.824179,1
1.4681664,10.319819,3
7.0612917,2.5008132,0
0.3014688,2.682577,3
4.4179397,1.2858558,4
0.8146415,6.3412213,6
-2.2961223,-1.5758651,3
-1.4670426,8.5263405,6
-1.3547852,4.7331476,3
-0.65734434,-0.2942108,3
-2.1634922,-1.4395216,3
-0.05842318,6.21964,6
1.6865608,4.366748,3
6.681206,1.1957667,4
1.3661873,3.97228,3
-0.8824707,7.837436,6
1.0201235,0.5150097,3
0.4030015,-0.39939114,0
0.77129096,0.78675956,3
5.9255853,6.9171867,1
10.843265,2.8187013,2
2.0375838,9.313965,5
1.0164717,3.4836388,6
2.1527503,10.702884,5
10.370995,4.004148,2
8.565889,2.7449784,0
11.388667,2.8363452,2
11.344171,2.9792385,2
5.9555264,-1.829512,3
0.38781056,2.6692262,3
-2.8420932,4.2752924,0
0.7976542,2.0460923,3
1.2131814,9.055474,5
-0.2452703,-0.8734857,3
5.743306,0.5873852,4
-2.0331073,3.926606,0
-1.5419246,-1.1790186,3
8.159064,3.6940374,2
5.883533,-1.1370205,4
10.0051565,3.2973158,5
12.135156,2.8098378,2
1.1655308,8.954707,3
10.661526,3.957445,2
9.963664,3.7639496,2
-1.5824493,-1.2841384,3
-1.3481334,5.2179384,5
8.482903,3.1321058,2
-1.9111067,4.1789026,0
0.7949414,0.73601013,3
4.698395,1.0164511,4
-2.4125245,-1.4941783,3
0.26189303,1.4098481,3
0.37754345,0.90779775,3
7.040405,2.4347098,0
1.9428204,9.171954,5
-0.025748562,6.8588376,5
0.74255186,6.4582434,5
1.9515367,11.537293,5
2.0948992,10.317252,5
1.5589787,10.034651,5
1.2882423,3.038595,3
10.4633465,3.5349972,2
4.5037003,1.3940256,0
6.40392,-2.2345734,4
-0.86494035,0.01316768,3
6.605391,-2.423052,4
6.327545,7.077854,1
5.623867,6.4128814,1
9.405671,3.202415,2
0.6970283,3.0306697,3
-1.3413324,8.478193,0
6.694251,7.8931885,1
1.3260111,9.815279,5
1.4456124,2.1613684,3
0.8707921,6.3718634,6
0.6709628,0.77175045,3
6.0740166,-1.0866972,4
-2.2527034,4.897522,0
0.49906203,5.0883484,0
1.4164037,8.996535,5
-0.66409266,0.05578485,3
6.9462376,2.3982391,3
1.1210725,9.89273,5
1.5792812,6.1687984,2
3.0292237,0.9405405,3
4.132074,1.29595,3
-3.3121946,4.525833,4
1.5231408,11.018527,5
1.633324,5.675675,4
3.1797326,0.95167637,3
1.0325108,4.1185513,0
-1.4099404,4.534535,0
-1.6171745,-1.1601008,3
0.80764985,5.922623,6
6.5356755,6.9940715,1
9.786202,3.3091776,2
1.5206778,6.0264435,1
12.346037,2.8714077,2
9.895784,4.0871096,2
6.444953,-0.70760363,4
10.481645,3.2874687,2
0.7069741,1.7969695,3
5.993308,-1.4261146,4
0.84839743,1.4537046,3
-2.5560844,4.7026625,0
1.7088302,8.98148,5
2.262759,4.0835505,3
-1.458114,4.234224,3
-1.028325,-1.4973242,3
5.723987,-0.23427011,4
4.942904,5.3724194,3
-1.3288885,-0.7664083,3
1.6253433,11.297391,5
0.3052019,5.722515,6
1.3896015,9.057314,5
6.9620295,4.54843,2
5.991234,-1.8927386,4
6.6684484,-2.3946316,4
-2.5321586,4.7072444,0
1.1491112,2.2229502,3
1.906336,9.565243,5
-0.9311475,0.28348374,3
0.25219494,6.7325473,0
-0.90159094,8.039051,6
1.487147,2.4578896,3
4.263121,-0.8775473,4
4.851613,-0.58195317,4
0.42473146,2.4488978,3
3.859929,1.2154565,0
4.4229693,1.2346696,0
5.598754,6.2037196,1
2.078805,10.772526,5
10.7878,2.9404871,2
1.0659575,2.0571759,3
11.992257,3.0410006,2
0.48931566,4.7284036,6
-1.2662141,4.786671,0
6.7071266,1.4088728,4
1.4923297,2.177319,3
0.41467282,5.970284,5
0.025400756,0.48427156,3
0.08230589,5.57679,0
-2.691626,4.4761243,0
12.38923,2.9648213,2
2.8431096,1.0668586,0
-4.0987344,4.868379,0
1.4669381,10.972968,5
-4.0854673,4.901613,0
1.018101,8.754658,5
-0.46596688,2.5476081,0
1.4068339,10.807735,5
4.3835526,-0.8892244,4
6.0194597,6.3648214,1
6.9300456,4.5950623,2
1.6984149,3.8667176,3
11.1229105,3.206799,2
2.2620947,3.6079855,3
-0.4556952,0.7621806,3
2.02134,11.376456,5
1.1885911,5.290585,2
-1.3117752,4.807724,4
1.5462381,10.027891,5
-4.080058,4.8219824,0
8.838956,3.9075656,2
1.289224,10.4211645,0
8.675157,3.7515185,2
1.2130531,4.4619994,5
5.5737042,1.7713734,3
10.193923,3.250562,2
12.177702,3.362396,2
5.1784325,-0.7092409,4
10.175031,4.220767,2
7.001074,-2.8819013,4
7.983661,2.9155424,2
-2.459222,4.6327496,0
11.266376,3.4864476,2
0.13721894,1.0855273,3
-0.9715062,-1.2019843,3
5.4999003,6.0049095,0
10.165113,3.285661,3
-1.6198119,3.9590526,0
1.0515026,2.5412242,3
4.176493,1.3483695,0
-0.18439075,6.03606,6
5.4692545,6.458159,1
5.1522956,-0.7556606,4
-0.038351204,-0.21537049,3
0.9634405,0.06221554,4
0.9540175,4.9944286,0
-0.1509752,6.5213304,6
0.20617346,6.035841,6
0.771639,2.66592,4
0.9387948,2.2878919,3
5.801385,0.23151392,4
5.034786,0.7479668,4
-0.40706873,0.7519091,3
-0.006632735,-0.042225525,3
0.8412679,6.291713,4
5.4143944,-0.31153154,4
-0.56385905,-1.6162313,3
6.5029798,-2.0710933,4
1.0587026,0.5402988,3
4.3647075,-0.5124585,3
1.3384098,2.6184437,3
1.9490795,9.569699,5
5.7209425,-1.2030451,0
0.5915214,2.8041682,3
11.044367,3.213846,2
10.571238,4.026671,2
4.825004,1.5330058,4
0.16827083,0.44688308,3
10.811541,4.0948253,2
1.4922365,9.165749,5
4.866974,5.4948916,4
0.68332297,6.2291684,5
5.644482,0.5304387,4
6.0581536,-1.9028143,4
9.480602,2.6738222,2
1.716118,11.292474,5
4.537746,0.7950133,4
1.305168,4.942813,0
4.510484,1.1378263,4
-2.5607755,-1.6646249,3
-0.11991527,-0.5005021,3
2.0961535,4.5065684,4
4.804657,5.335828,4
1.0556011,5.189363,0
1.1521221,9.633588,5
10.551056,3.1503365,2
0.452284,5.0625267,3
11.082455,3.160626,2
10.889629,4.069128,2
4.7963476,5.519183,3
0.24907407,5.6371183,5
10.537073,3.4056187,2
9.700333,4.395127,2
11.773741,3.3226485,2
1.6113973,9.337658,5
1.0647306,4.9136086,3
5.742986,0.82188934,4
1.3984001,2.3600256,1
0.3600651,6.7187986,6
6.32978,6.891092,1
9.172299,2.973379,3
2.4132788,0.8911068,3
6.460624,6.8884645,1
-1.0973321,-0.7431522,3
1.3646255,3.756307,3
6.335786,-1.3113494,4
-1.1745276,5.2068367,0
-4.100875,4.8811216,0
1.9621061,9.529977,5
1.7926238,4.0046463,3
-1.3078502,8.386868,0
4.5234404,4.9709945,3
1.624187,9.319799,5
-1.0295335,-1.099097,3
0.603304,2.7241838,3
-0.8615548,7.947705,6
9.562548,4.4592175,2
3.404765,0.6945185,4
-0.50930417,7.4219565,6
0.9605212,8.662516,0
-0.14569281,4.83873,0
11.874443,3.4324179,2
1.3778366,8.875127,4
-2.3532104,-1.6298927,3
6.6557775,1.3036706,4
4.6282516,1.5995001,4
-3.41886,4.81191,0
7.7608957,3.4981027,2
1.1966301,5.2904916,2
-2.8746374,4.8398952,0
5.3378887,-0.67905444,4
5.9938455,-1.4052066,0
6.6987805,7.895783,1
1.1346538,4.7560945,3
-1.1997533,-1.5258555,3
9.302886,2.9728696,2
0.4960659,5.0931444,3
-1.4997692,-1.3453853,3
4.6459517,-0.6880006,3
9.401275,3.354638,2
0.7741582,-0.13455872,4
3.8391337,4.546385,0
-0.71838355,0.034246534,3
-1.3929106,-1.8227043,3
8.971182,3.9455397,1
-0.02119412,-0.29560584,3
1.4048483,5.3710165,5
2.5438411,1.1627035,3
0.5177511,5.644584,0
9.450894,2.8643024,2
10.265111,3.5796738,2
10.991904,2.8118987,2
6.5672975,-2.293495,4
1.4972652,4.9895425,5
-0.8114351,0.31577545,3
5.84718,7.3061047,1
8.151984,2.7320433,0
10.783889,4.0825076,2
1.849313,11.371145,5
-1.8633236,8.297908,6
-1.2492479,-1.8918189,3
5.5906715,0.017188193,4
0.62758,2.658381,3
-3.2530546,4.766989,0
1.173589,3.5730677,5
4.2680945,1.3880556,0
-2.451154,9.244964,6
-0.46246397,-0.5101614,3
-2.4735513,-1.5518957,3
-2.7382157,4.475753,0
10.817267,3.2407634,2
-0.9924986,7.88269,5
2.1500661,10.867136,5
6.9335833,4.5420036,2
3.213749,0.8259535,4
-1.415417,8.522866,6
-0.17247568,6.0428033,6
-1.0649588,-1.695244,3
5.887839,7.3632374,1
5.689614,-0.074686676,4
6.5334964,-1.0653958,4
0.58983517,6.5933733,5
-1.8692935,-1.689294,3
8.903387,3.9603853,2
-0.5474136,0.656028,3
9.68943,2.6084137,0
-1.0368778,-0.28622708,3
11.897689,3.404775,2
-0.6652986,-1.3343257,3
-1.61566,8.713233,6
5.090853,0.376956,4
0.99312687,2.529603,3
4.2849946,0.6558198,4
1.2125429,5.70851,5
-2.7325997,-1.684132,3
-2.7872126,-1.6749288,3
0.6973795,1.4271686,3
12.112016,3.505446,2
7.2037783,2.6040766,3
4.941795,4.405995,2
1.4869874,2.1747017,3
11.063515,2.8607075,2
-3.3587725,4.5577226,4
1.1945747,9.744069,5
9.855871,3.2495298,2
5.4709544,6.5437255,1
0.30991867,2.5611665,3
1.6092904,5.9515553,6
1.4052392,9.633346,5
1.5254475,6.0164576,5
-0.5157758,2.3384168,3
5.0045,5.7365685,4
-0.5950438,0.71091616,3
1.4758911,6.0326614,1
4.914698,0.43581054,4
0.8495457,6.294765,4
1.9045167,4.080885,0
5.653246,0.96011066,4
-1.3913107,8.529541,6
10.972847,3.4773743,2
1.3059096,4.3214016,3
3.0068686,1.3462934,3
1.6476134,5.639718,4
-1.5456252,8.5719795,6
5.770242,-0.3894933,4
9.676907,3.8742883,2
5.698863,6.4078794,1
4.789847,4.550939,3
5.5767403,6.015445,3
0.43505216,0.9315641,3
0.22890697,-0.11577203,3
6.8088584,-2.6837788,4
-4.2277384,4.9144564,0
-3.9564574,4.843341,0
-2.7639396,4.937007,0
-0.73387325,0.069059804,3
-0.5296479,0.4729976,1
6.97529,4.5607257,2
12.270287,2.8332896,2
2.3065372,11.220997,5
-0.47855896,2.2639372,3
1.0690862,6.0954447,5
0.4329204,4.617956,3
-3.1088653,4.6260405,0
10.765744,3.8396094,2
10.680384,2.9477785,2
11.586603,3.2819812,2
1.4291546,3.8988783,3
6.3331604,7.813383,1
0.39808002,0.6894709,3
-1.7761152,-0.992598,3
5.009728,-0.73077106,4
4.6978216,0.83871615,4
9.537375,4.460904,2
0.61300766,0.363219,3
1.3528475,2.8423672,3
1.3196555,4.2370524,3
-0.33820352,7.198503,0
-0.4945308,-0.8837921,3
-2.326066,8.891934,6
-1.3191035,8.424967,0
-0.40044722,5.010016,6
1.2091135,0.5469955,3
-1.230626,4.434868,5
6.5570745,-1.0509259,4
1.0238492,3.3266208,3
11.193947,3.549191,2
11.554302,3.0056949,2
-0.57761675,0.51998633,3
7.3501887,-3.158033,4
4.243717,-0.8261387,3
10.197391,3.4341826,2
-0.28780892,0.4688151,3
0.76429087,1.3160219,3
-3.559271,4.7879696,0
9.572323,2.7693639,2
-1.519696,4.302764,0
5.5374885,6.3291407,1
5.944095,-1.9215714,4
6.382826,6.897714,1
5.338645,1.6257333,4
0.13772807,5.5169134,0
1.3757503,3.053043,3
4.171601,1.2671335,4
-2.2953014,-1.5693191,3
7.080514,2.4392707,3
6.5367084,-1.7353672,4
1.2940972,3.1424427,3
-1.0485668,-1.5226259,3
0.29516366,6.3431344,4
2.0325193,11.143576,5
-0.0094403345,1.0111376,3
-1.5307003,-1.1835945,3
-3.7910836,4.564069,0
-0.2686392,0.8262289,3
-0.08757311,6.0960236,6
1.6049199,10.092179,5
-1.9435631,8.36963,5
7.6892085,3.4698992,2
-0.63900447,-1.6473967,3
1.6625609,10.114924,5
10.883362,4.168507,2
10.812467,2.9716396,2
9.416688,4.015567,2
0.518808,5.4184847,0
9.396934,2.7075129,2
9.828569,3.0538414,2
1.3682609,5.05549,5
11.137044,3.1660645,2
9.966546,3.085639,2
-2.8372045,4.5141873,0
-0.8714315,-0.50434744,5
1.4927347,2.41934,3
5.2848263,6.4218516,1
5.9582777,-1.5440539,4
-3.0546398,4.38887,0
1.6277987,3.0284545,3
-1.0142137,-0.5560488,3
4.6510234,-0.13213542,4
5.715711,-0.17228124,4
-0.84673566,-1.2943434,3
1.4976336,2.909121,3
-0.27949294,-0.4159266,3
0.25676635,-0.05529691,3
2.3049355,4.03374,3
0.21493404,2.5059042,3
-1.2254639,5.150844,0
7.468821,2.7769709,3
1.8059504,10.35764,5
5.289264,1.5919974,4
1.0133979,0.23315996,3
3.1303248,0.8895954,4
3.5495448,0.6083206,4
6.1173973,7.4307704,3
4.191427,4.6326213,3
9.387462,2.9592822,2
4.557903,1.0137824,4
-3.4647682,4.4969254,0
1.5179769,6.084065,2
6.5066476,-0.7332325,4
6.652541,4.4511323,2
-0.5658794,0.46486506,3
-1.5348228,8.6212845,6
-0.78285944,-0.25446776,3
-1.8348212,8.862914,6
6.874904,4.527076,5
1.7820765,4.4641457,0
4.2293224,1.3573401,0
-0.36062166,2.4933257,3
4.084662,0.68523675,4
5.4659104,0.2786379,4
-0.3988596,-0.051251367,0
0.7319197,2.45027,3
-0.29384968,6.8218837,6
-0.40170476,0.38678187,3
6.528949,-2.167846,4
5.993902,6.208528,1
5.8506284,6.598395,1
-1.4028535,-0.97393715,3
-1.8924322,-1.2622179,3
1.0511422,2.0636454,3
-1.9112122,-1.3636099,3
6.9952917,-2.8591027,4
-0.23477933,0.23957187,3
4.529972,4.952853,3
4.574688,1.4334483,4
-1.1873876,-0.37418163,3
-0.59905076,-0.59381276,3
0.15984285,0.9545013,3
0.023375243,-1.3209634,3
5.9713326,1.6022743,4
11.575039,3.1661813,2
4.493388,1.2436217,0
0.38728368,5.257909,5
1.0523591,2.0796585,3
0.27692977,-0.21183594,3
-0.7338841,2.6030483,3
6.5153174,1.8462241,4
1.1963706,4.898527,0
5.28297,-1.3341968,4
1.6387631,5.6584306,4
2.2891839,11.13246,5
10.390408,3.3167038,2
4.55508,1.5015349,4
-0.6292998,-1.0607065,3
-4.014674,4.6540294,0
-2.0546813,4.4397225,0
5.182393,-1.2447652,3
1.1459489,4.924806,0
-0.1674027,2.8226128,3
2.2351415,11.424125,5
11.211009,3.3647687,2
-0.5810096,0.09424386,3
-1.7950954,4.4952407,0
-1.3479604,-0.39109492,3
2.303869,3.5626304,3
1.5014975,10.248437,5
3.0815887,0.8999456,4
2.6352255,0.8296317,3
0.71568066,5.29808,3
0.13811187,0.7769336,3
1.1094635,9.16897,5
-1.6173915,-1.111799,3
6.454074,-0.8000937,4
10.135295,3.999491,2
-1.3729967,4.7156696,0
6.632543,-2.3021278,4
-3.8895195,4.502177,0
-3.6506853,4.411023,1
5.867044,-3.0107722,4
1.4881184,5.98275,1
4.1813183,1.2893435,4
6.2472844,7.2186265,1
9.007152,3.029591,2
6.151303,7.176988,1
-0.32496455,0.14506304,3
10.712236,3.1692238,2
9.440578,4.490039,2
9.34081,3.2029274,2
1.24565,2.295639,3
-1.0847231,4.0346622,0
6.9484673,-2.8252888,4
10.972385,3.2703793,2
9.18155,2.8834083,2
4.307972,1.3718324,0
6.775603,-2.7041943,4
6.12179,7.5870953,1
0.24469382,0.6034693,3
5.6201363,-0.23689744,3
10.901219,3.2840815,2
6.675836,-2.6148074,4
-0.91420054,8.0287895,6
10.340729,4.0624204,2
-1.6330426,7.702335,6
0.09619876,0.76584375,3
1.4361479,6.250958,5
1.7146966,11.324563,5
10.829683,3.252323,2
1.4849428,8.952099,6
1.4613074,2.4849026,3
-0.7212826,4.692362,0
8.122876,2.749389,2
-0.793821,5.186218,0
1.5553627,2.8084767,3
0.048612975,-0.19572365,3
-0.08194578,-0.2755211,3
4.4847245,1.2312227,4
1.4489465,10.901058,5
5.567723,6.6416807,1
2.3899815,4.170438,5
1.9700912,10.373626,5
1.8504891,10.128994,5
1.8076371,10.741913,5
9.346388,4.3790693,3
1.2190205,2.3487034,3
-2.6701055,4.538541,0
-2.437408,4.488326,0
10.28971,4.0437675,2
1.7109388,10.941122,5
1.7753757,3.0515504,3
1.833063,3.7499983,3
6.0018344,6.993203,1
6.5957737,-1.1653992,4
-1.2133052,5.2026243,0
4.983778,5.7181516,4
4.385863,4.8328323,1
-1.350591,3.7885277,0
9.255769,2.9015446,2
0.833844,2.2400835,3
0.41175947,2.3965807,3
6.2175455,-1.9066732,4
0.83481073,5.3331695,0
-3.2176151,4.724427,1
9.668372,4.313132,2
6.46249,-0.6465593,4
6.032508,1.7373728,4
6.809506,1.795957,4
12.696443,2.8052626,2
7.3858156,4.23645,2
3.2065585,0.891242,3
0.53862923,1.8949915,3
0.5029314,2.35134,3
11.436659,3.6081457,2
0.6623536,5.218645,6
9.273087,2.857876,2
0.6583057,1.0034522,3
-1.1891117,4.1344967,0
4.0829926,-0.36793742,3
-3.9695683,4.450071,0
-0.13970217,0.05250389,3
1.224861,5.654809,5
-0.62900734,-1.097445,3
1.0761917,5.019708,0
-0.47999644,2.0961978,3
1.6355668,11.271542,5
1.3576144,10.809061,5
-0.97156525,2.9808123,0
9.596676,3.2960734,2
4.071408,0.54543304,4
-0.88344586,-0.034906346,3
-1.0829198,3.0372446,0
7.834046,3.0588424,2
6.562724,-2.3340993,4
4.4456897,-0.65270644,4
-2.402976,9.353938,6
1.4333712,10.8448305,5
11.289745,3.5205486,2
0.28472623,2.8244817,3
6.551171,-2.0544531,4
-1.3502444,-1.7726415,3
-0.02100313,-1.3171489,3
9.835399,3.0857184,2
2.1947412,3.8050566,1
6.2951665,7.259554,1
1.0605499,3.6056075,4
-2.2585075,-1.4672202,3
4.3732095,4.8204904,1
8.456738,3.7700224,2
9.463084,2.9855843,2
6.3820496,7.5925446,1
8.069927,3.2293818,2
6.3778615,7.420659,1
9.357662,3.6512535,2
6.6045594,-2.4127612,4
-1.859037,-1.1208014,3
6.5090013,-0.8220938,4
5.403972,6.383155,1
4.3542957,1.6874471,0
6.1516957,-1.3698215,4
6.3070393,-1.5408242,4
11.527321,3.678609,2
9.05495,3.3784559,2
4.7221313,-0.27239108,4
3.1896389,0.887891,4
4.4924006,1.2121927,4
1.66922,9.035289,5
4.2235413,1.6213555,0
1.2708801,10.606832,5
2.0702775,3.8530543,3
-2.0328496,-1.3996133,3
-1.194425,-1.8795046,3
4.5442863,-0.7337057,3
-3.018618,4.348688,3
-0.3973507,2.9354362,0
2.092048,11.372605,5
1.4512058,3.763693,3
2.6475432,0.5045882,3
-2.725696,4.5018415,0
10.753999,4.2774186,2
10.873425,3.3111396,2
6.9346952,4.5191894,2
6.828547,4.6018386,1
10.5935135,3.349888,2
0.3180967,5.684211,0
6.689021,1.3277293,4
10.460525,3.8468316,2
-1.0522038,5.058542,6
5.2767816,6.0882354,3
0.5206184,1.2679671,3
1.305864,5.014134,6
10.321201,3.2654412,2
-1.0721045,3.9762926,0
0.4947146,-0.1791743,3
0.9107683,1.2913511,3
-2.343536,4.755675,0
-0.97609806,-1.0844445,3
-0.55785197,0.76735795,3
-0.90538865,-0.21162118,3
-0.12611556,-0.5571694,3
-2.3658373,-1.4861134,3
-3.239705,4.631627,0
0.8456056,2.242832,3
5.560924,6.644989,1
12.236034,2.8546965,2
10.511043,3.3243454,2
5.6428432,0.60812765,4
9.438206,3.6348178,2
-1.0601823,4.9568725,5
1.2773142,6.578952,3
2.0283585,8.904466,5
1.8727882,9.423802,5
2.0100138,9.229312,5
1.7498358,11.277981,5
-2.7637973,-1.6728712,3
-2.80503,-1.6820569,3
10.713534,3.2506597,2
7.3673573,-3.1718338,4
3.389258,0.75926113,3
4.6215057,-0.8359819,4
0.75253224,1.9455245,3
5.878626,-1.7417165,4
-1.1425134,-0.8005953,3
4.417509,1.2814156,5
-0.39060956,0.4875095,3
0.77837205,1.4657838,3
1.4507245,2.3462796,6
-1.5502243,7.607315,6
4.3228755,-0.25693148,3
-1.1613997,4.768769,0
-0.9369378,-0.7089557,3
1.1287332,8.7958,0
-1.5790608,4.9414673,6
-0.46379313,-0.7741653,3
6.295349,6.8032484,1
5.298031,-0.6848088,4
5.554438,6.007825,1
-1.2293018,4.4174285,5
12.084569,3.451015,2
0.69251764,-0.13224931,3
0.58949494,5.105648,0
4.0519843,0.5732095,4
-0.8742272,7.3561563,4
0.2327102,1.598347,3
7.703615,2.7637131,2
6.1274176,7.1073813,1
0.32146546,1.112196,3
-0.57499945,0.28673184,3
5.788589,-1.5075855,4
7.091638,-2.9536319,4
-1.363465,8.417831,6
-1.2692536,4.216241,0
2.323363,11.25469,5
2.1204724,10.760973,5
1.1192149,3.279347,3
-1.7826617,-1.7786919,3
1.2671458,4.3991065,0
10.592411,3.4457152,2
-0.74943966,7.779486,6
2.1341105,10.340755,5
8.869076,3.7003543,2
-1.8340281,8.905658,6
1.2042788,0.29716754,3
-1.5159137,-1.3370116,3
3.9570174,0.65204227,3
6.578276,-1.1975049,4
6.124394,7.2418494,1
0.8454822,5.2267156,5
7.058914,-2.9140825,4
0.2610232,5.9037337,6
0.74478513,0.84029317,3
-2.2132173,9.183143,6
7.7529488,2.8796942,2
-1.2271949,4.4317083,0
1.1726635,6.757422,5
-1.9235502,4.162822,0
0.27094007,5.8477154,5
8.344997,3.0943363,2
4.344714,0.3496376,4
4.3029504,0.3456309,4
4.879819,1.5385231,4
-1.1186656,-0.69294995,3
9.491042,2.6370842,2
9.945769,3.196298,2
4.3162875,-0.72995675,4
1.4771154,2.0664158,3
1.8313024,11.247787,6
-4.2135644,4.9211073,0
10.5016165,3.7582788,2
6.5311236,1.9176961,4
-3.6293128,4.9026685,0
-0.8436982,0.47696823,3
0.7148462,0.84530324,3
0.28383037,5.011032,5
-0.14284483,5.0978465,0
-0.19232368,6.5814676,6
-3.0076241,4.91981,0
8.874981,3.6858613,2
-0.09449215,6.384545,6
-1.013056,0.17122637,3
6.944606,-2.8266394,4
-1.1392097,8.196886,6
0.74339974,2.9492383,3
1.9003497,11.297446,5
1.4714003,2.8134594,3
5.0585117,0.34490225,4
9.055307,3.3629122,2
2.1860416,10.682776,5
2.103389,10.107634,5
-1.6154146,4.182336,0
5.364462,6.414185,3
6.944164,4.5752296,2
1.0500962,0.22273672,3
2.067448,11.523667,5
2.1471353,11.463879,5
-1.8678623,4.180844,0
4.6407437,0.110546365,4
6.4642186,-2.1275895,4
4.3739963,0.20817114,4
-0.16939808,6.5380583,6
-0.33674753,6.908336,6
6.174777,-1.7430924,4
7.0969367,2.4633658,3
1.6768268,4.1218014,3
4.8225036,0.9131598,4
9.634593,4.410944,2
9.014758,2.9856496,2
5.995964,-0.83028626,4
5.5150833,-0.57993937,4
10.144283,3.7242649,2
10.7683,3.826381,2
-0.741535,-0.44532663,3
9.126446,4.457007,2
-0.71241075,-1.1356509,3
-1.0247842,4.1401377,0
4.4931045,0.22032137,5
9.65005,3.2180104,4
-1.3055608,-0.42959026,3
1.1014947,3.3946915,3
-1.5909832,-1.2892078,3
1.552088,10.157072,5
2.2481725,3.731636,3
7.0038595,-2.877607,4
7.962715,2.9942274,2
-2.4177003,-1.6389629,3
-2.4388828,-1.6344339,3
0.51075435,2.1262183,3
5.5576115,6.5678935,1
6.844954,2.0286288,4
-0.5191939,-0.2686649,3
6.115134,-1.9650154,4
5.027085,-0.2825798,4
0.69684094,1.3368809,3
6.2711315,-1.8571397,4
1.6138922,11.252986,5
1.427311,3.3788583,3
1.3969109,3.273756,3
0.14404923,0.45910603,3
5.8309207,6.9770017,1
9.354748,4.3922944,3
6.436855,-1.7630764,4
4.5274796,-0.74980474,3
-0.77147424,4.735677,3
-0.9719544,8.044771,6
4.713835,4.4920254,3
10.45998,3.2788882,2
-3.9799092,4.453524,0
-1.1464325,3.7157776,0
7.3132706,2.8762763,3
1.5378788,9.099923,5
12.5933485,2.75431,2
5.586612,1.7531793,3
0.29946336,-0.19958174,3
5.2814827,-0.18218628,4
8.397057,2.7627811,0
1.4592351,8.964105,6
-1.1751978,-0.40862942,3
1.327674,6.289327,5
0.74931574,1.9990649,3
11.033183,3.3184721,2
4.096763,1.3100345,4
-0.818445,7.9072948,6
6.9911246,4.4955754,2
2.178658,3.972105,4
-0.6883135,7.649628,6
11.393583,3.521225,2
-0.60276085,7.5432777,6
1.8919195,2.9969296,3
-0.024752408,0.7137695,2
6.0684214,7.464855,1
4.48036,-0.69276506,4
11.0265045,3.115533,2
5.715402,-0.16862698,4
-0.7926931,5.172958,5
-1.3425231,8.473768,6
0.44609097,4.613761,3
4.2560987,-0.78989667,3
2.7613475,3.916091,3
9.782103,3.8566175,2
1.1063107,9.165176,5
-1.2625602,8.307456,6
-0.5431865,0.6408788,3
-0.4559168,0.7338393,3
-2.4867797,9.185532,6
5.839858,7.048393,1
6.1307826,6.1627584,2
-1.011144,7.721867,0
1.288192,2.6683562,3
12.224703,3.5148785,2
6.3594155,-2.1270394,4
1.4281433,4.953491,3
1.5840638,5.953688,5
10.433302,4.151443,2
6.539677,1.1330743,3
-3.5033157,4.677533,0
10.7592945,4.2583547,2
-2.0720987,4.438968,0
2.8549776,0.9087137,4
1.6829438,4.330817,4
12.127213,3.372044,2
-3.747304,4.87672,0
6.4654045,-1.9161123,4
-1.1416256,4.722761,0
-3.524933,4.8272023,0
0.16193524,6.015668,6
0.5643769,5.1521745,0
-1.0110574,4.982719,0
8.836669,3.672677,2
4.5260935,1.1418786,4
6.830845,-2.717957,4
4.777718,-0.45044765,4
6.285237,-2.178883,4
6.692462,1.4407451,4
5.4653225,0.0755011,4
-0.22380476,6.3714137,0
-0.98306715,2.990008,0
1.7383685,11.424267,5
1.1509256,9.198424,5
-1.720491,8.269886,6
-3.659738,4.8225193,0
0.7470961,1.3180931,3
-0.25128958,-0.52497685,3
1.4406694,10.825272,5
8.225734,3.1007504,5
6.569425,-1.1014522,4
9.312905,3.9216273,2
6.4905396,6.8944893,1
1.1039939,0.6941566,3
1.7590532,11.361119,5
8.581418,3.5966759,2
6.353659,6.922588,1
6.121157,7.1886506,1
2.1826644,10.907732,5
-1.6422637,-0.59672385,3
2.2214699,10.871935,5
8.034309,2.74688,0
9.665642,3.8848672,2
1.829717,3.129311,3
6.105077,-1.1692398,4
6.54545,7.7543807,1
5.747611,6.550679,1
12.064244,3.3115792,2
-2.7558486,-1.6775304,3
6.223265,7.1680923,1
11.459928,2.987706,2
8.9626465,2.9417055,2
0.93352485,1.9172834,3
8.910093,2.9858413,2
5.3619094,-0.7434102,4
-1.7145087,3.941644,3
5.280395,6.36525,1
6.225703,6.714115,1
-1.2077662,-0.0023303763,3
3.2872748,4.1610575,3
4.4351096,0.4072916,3
-0.6776396,0.019172441,3
0.38829243,0.033309184,3
0.7698425,6.1888623,5
2.1538355,10.774548,5
-1.9968935,4.4843073,0
-1.4033824,-1.7587575,3
-1.8055551,-1.7803078,3
1.1634488,4.878243,0
5.955514,6.908349,1
6.9709578,-2.8796256,4
10.845356,4.1470723,2
1.0517125,5.111283,6
-3.1110563,4.3783927,0
12.2372265,3.5190852,2
6.066538,-1.5284715,3
0.08797504,-0.2697005,3
-0.22693825,6.8175054,6
-1.6426126,7.7032027,6
-1.7894315,8.85527,5
-1.6564633,-1.1643786,3
12.293435,3.2833164,2
3.76525,1.1955563,3
-1.0051441,-0.5107865,3
11.183708,3.4968774,2
7.5149484,2.7709374,3
11.486067,3.4605038,2
-3.4459887,4.7489066,0
-1.3558275,-0.39857763,3
11.112519,3.1639555,2
-0.5484138,-0.34377554,3
11.017286,3.1799936,2
-0.39988637,-0.61122227,3
4.415604,-0.6591026,3
3.161948,4.2624884,1
8.507156,3.818653,2
5.16445,-1.3228878,3
11.806684,3.3547275,2
-1.832295,-1.7827363,3
4.226303,-0.15256092,3
-1.0193918,-1.4500805,3
-1.5878042,8.594293,6
0.72016406,5.510927,2
4.84438,1.0778141,4
2.1494725,10.595073,5
7.008101,4.5280995,1
1.7415186,4.0601306,3
4.0874314,4.732889,3
6.03176,7.013053,1
5.905325,7.1603646,1
0.33313325,5.2539554,2
4.6364574,0.111846015,4
9.622716,3.579285,2
-3.1881485,4.617389,0
12.093447,3.1694815,2
1.114648,9.866864,5
-4.2082314,4.9773273,0
12.6046915,2.801725,2
1.3504878,2.4033303,3
6.293844,-1.8549008,4
-1.5848963,4.586553,4
-2.592446,-1.6162381,3
0.30021527,5.603839,0
6.259821,7.6363916,1
6.769759,1.7019088,4
5.771672,6.9191046,1
2.7447405,0.80141306,3
10.763272,4.027464,2
6.2368865,-1.2455071,4
-1.6963491,5.066462,0
-1.1800822,7.548887,3
12.637859,2.743769,2
-2.5162416,9.164025,6
7.4257255,4.2102256,2
-3.497429,4.742524,4
2.2698693,11.194875,5
5.573455,6.175591,1
0.32380077,5.6308146,0
7.0041347,-2.8694973,4
0.38045517,-0.16254932,3
-0.77204144,4.5210357,0
6.051654,6.950559,1
-2.3427627,-1.441789,3
1.1513796,8.953243,0
12.09093,3.1367395,2
1.2697403,5.0451717,6
0.98212534,5.8593717,5
-0.58888245,-1.5703204,3
4.405965,-0.5545364,3
0.8025192,1.0208422,3
-0.31105578,-0.85720825,3
4.3300166,-0.8875095,3
5.048007,0.32355335,4
1.0839663,5.3105226,2
5.2147093,0.10206594,0
6.256579,7.1945124,1
3.8805351,1.3356173,4
-0.96091,2.9660478,0
4.728603,0.65493995,3
-1.850617,8.340588,6
-1.2061903,8.276574,6
-1.3770105,8.435599,6
-1.0275213,5.0053267,5
1.0502391,1.4863542,3
-2.5140343,-1.5488347,3
-4.28323,4.4997244,0
2.3679118,4.1442137,3
1.8646502,4.0605927,0
-0.8488674,7.9413276,6
0.7988981,1.3563175,3
9.742861,3.7868803,2
4.216058,1.1529651,4
11.3248205,3.2354126,2
8.619788,2.7403207,4
12.485812,2.9452074,2
-1.6832472,8.21865,5
-1.3381362,-0.7563706,3
5.6625443,1.7949702,3
-3.8392882,4.8428206,0
9.42529,4.4968586,2
-2.356756,4.877841,0
-1.8213677,4.3776712,0
4.613353,-0.7884389,3
-2.0775297,8.54324,6
6.4657893,7.738067,1
2.082294,10.725605,5
-0.25104883,0.26216468,3
6.220831,-2.0260072,4
6.080126,-1.8091017,4
0.37820294,2.201,3
5.714743,6.520895,1
10.732201,4.27967,2
1.4833895,10.895563,5
4.1814566,4.723433,3
10.814913,3.3439107,2
8.617613,3.7710047,2
11.9076185,3.3034186,2
10.059313,3.10136,2
0.64638907,5.0726376,0
11.13824,3.1324384,2
12.58771,2.8365805,2
10.718902,3.3358405,2
10.46307,3.2918358,2
11.682954,3.277839,2
11.141682,3.1745367,2
11.18903,3.2201903,2
11.039248,3.5874274,2
8.186116,3.5384834,2
10.413806,3.6298976,2
9.507735,4.4014425,2
9.768122,3.336774,2
9.011187,3.8530896,2
10.7613125,3.314816,2
1.460021,2.5608141,3
1.2464044,5.3125315,2
11.840178,3.2846887,2
11.0506315,3.3033657,2
1.1733037,5.281839,2
8.550356,4.021291,2
10.430677,3.4089592,2
6.9541836,4.520027,1
12.329433,3.029848,2
12.628077,2.836215,2
12.030686,2.8518975,2
11.463891,3.0129929,2
8.880031,3.7106109,2
0.4800407,5.1416106,3
9.803045,2.7587698,2
6.9639153,4.532801,2
11.989576,3.2922008,2
12.086314,3.5318635,2
10.330648,3.7500367,2
10.91159,3.1411448,2
11.233379,3.0817583,2
9.799713,3.1432025,2
11.917757,3.3009074,2
11.157939,3.8775408,2
11.271665,3.5104601,2
12.086796,3.4275868,2
11.317443,3.5101213,2
11.334855,3.3281517,2
12.496017,2.8953805,2
9.956617,3.672505,2
9.402606,2.7811904,2
7.7472725,2.7596376,2
11.248675,3.178692,2
9.449669,4.495938,2
12.169227,3.3423533,2
12.311369,3.0923162,2
9.897327,3.312835,5
11.986844,3.2702444,2
11.424224,3.013611,2
5.28568,6.363538,1
5.183469,5.8059716,1
5.2302094,6.280715,1
6.3452635,7.24694,1
6.171599,7.105061,1
6.177883,7.0591736,1
5.539368,6.540355,1
5.985939,7.1162066,4
6.4057746,7.6437626,1
5.762122,6.2077417,1
6.2075315,7.46144,1
6.1334095,7.2716403,1
5.9293394,7.1335835,1
6.498409,7.733334,1
5.8183994,6.8955493,1
5.805185,6.6888437,1
5.259763,6.3595963,1
5.864068,6.618172,1
4.7704225,5.455986,4
6.4645643,7.665117,1
5.5596533,6.2655215,1
5.0691752,5.8401103,1
4.9863744,5.7247643,1
4.953587,5.6542053,1
4.409294,4.88741,1
0.3928726,6.472793,3
4.736106,1.6138997,4
4.942438,1.5346346,4
5.0870996,1.4705542,4
4.8465385,1.578467,4
4.8388953,5.415334,1
5.610266,6.4305844,1
4.6419873,4.712312,3
-0.15532531,4.784886,1
7.0129957,4.3116407,0
5.91844,6.562387,3
-1.140474,8.238426,0
8.558375,3.9481373,2
5.703625,6.4622526,1
0.93408483,0.25348622,3
2.079908,0.4248318,3
-1.133177,-0.74375767,3
0.3828962,0.09460905,3
0.23540722,-0.024090556,3
-2.4813087,-1.4941089,3
1.1999437,0.4939999,3
0.50331736,2.4130247,3
0.17989029,-0.11348112,3
-1.2190871,-1.8046905,3
1.1304164,2.2277305,3
0.08813361,-0.24521278,3
1.4655104,0.33128184,3
-1.4521499,-1.7804487,3
-0.6301031,-0.22257504,3
-0.29701462,0.939554,3
-2.4602194,-1.4907868,3
-1.2287571,-0.42743623,3
1.672362,9.128527,5
1.6530788,9.281121,5
1.6259816,9.383042,5
2.1259584,10.171861,5
1.9918402,9.783685,5
1.4495075,9.621127,5
9.009909,3.941895,2
9.864292,4.2984824,2
11.70164,3.4030273,2
10.7613535,4.1403794,2
9.01451,4.0005093,1
-2.4570785,9.259229,6
-2.461519,9.22608,6
1.3915788,3.7875023,3
-4.113998,4.653277,0
-2.2294881,4.5102983,0
0.42344746,5.415896,5
-4.0964637,4.838584,0
1.1104625,9.18709,5
-1.7005728,5.058826,0
0.7018204,5.080578,3
0.3718442,4.842531,5
0.40670538,2.7739222,3
-1.3937107,5.143341,0
0.23746213,4.974049,0
-1.4730984,8.55778,6
-2.2958868,4.867818,0
0.2121149,5.717453,6
1.2204242,2.185687,3
0.13745095,0.5865189,3
-0.82096505,0.045072928,1
0.31496903,0.9553726,3
5.5220165,6.0808244,1
1.4354645,3.7571084,3
-1.2992798,-1.0651203,3
-0.047579996,0.20286848,3
-0.5795831,-1.0287234,3
-1.9287696,-1.0982711,3
-1.7681962,-1.4949011,3
-0.93221563,-0.043025102,3
-1.3406858,-1.2082074,3
0.1846743,0.8672625,3
-1.6215602,-1.358028,3
0.76087266,0.80325955,3
-0.20969507,-0.09048734,3
1.8471267,3.7801015,3
-0.6397786,0.10548253,3
1.7326678,2.8493505,3
-0.71923065,-1.0899664,3
0.9762435,2.456305,3
0.9494094,1.9720621,3
0.061011598,0.6125611,3
0.19711861,-0.07116121,3
0.41196555,1.0168824,3
5.268168,6.611967,5
0.8035126,5.394426,5
1.3203195,10.690508,5
1.3841046,10.710213,5
1.0283011,8.814643,5
1.2860458,10.585705,5
1.3778799,10.132174,5
1.238226,8.959595,5
11.33507,3.0537975,2
12.253816,3.1102264,2
12.422161,3.148117,2
5.1945286,-0.86052334,4
5.8689165,-1.3384203,4
5.549516,-1.1887307,4
5.3531103,-0.05108688,0
4.212181,-0.8883138,3
1.0846506,2.588136,3
8.204743,3.131884,2
1.9095653,9.646888,5
1.9268099,9.572554,5
0.93498176,6.0756,5
1.412503,6.0041647,5
-1.8966559,8.330352,6
1.484908,10.757789,5
1.9199727,9.563801,5
1.9967012,9.639293,5
2.127902,10.090711,5
-0.11245089,6.370593,0
4.5384254,0.096712306,4
4.0015945,1.3017424,4
4.346835,1.6598127,4
1.6715528,3.9813921,0
5.1898613,6.2596655,0
0.77727246,5.1800885,5
-1.1704501,4.3851204,0
-3.3981838,4.8120008,0
-1.0984869,8.1108265,6
-0.3894888,7.3335767,6
-1.0284309,8.12771,6
-0.5056856,7.3930526,6
-0.0007294778,6.655265,6
-0.21005672,6.670369,6
-0.82429546,7.323912,0
-1.8148856,4.2720284,0
-1.6237345,4.305817,0
-1.8079846,4.1184974,0
-1.2143066,3.6231062,3
-2.8027403,4.4820476,0
-0.036454804,5.643637,0
-1.1797762,3.8165138,0
0.38181826,2.0139678,3
3.9176557,1.3619909,3
-0.24732535,5.020757,0
0.7162114,-0.15939113,3
1.1894566,0.3436647,3
-0.0034988848,-0.35950872,3
0.7733653,-0.010908314,3
0.0244367,-0.16881096,3
1.0625125,0.25286704,3
1.8665303,3.486549,3
7.6485863,2.7422945,3
-2.4831789,-1.5579052,3
0.76168317,-0.096920766,3
-0.61305207,-1.0130527,3
-1.4779962,-1.7276947,3
-0.21373814,-0.49878794,3
-0.98947036,-1.7488843,3
-1.1795655,-1.8503001,3
-1.1175824,-1.8076054,3
-1.2032769,-1.8769338,3
-1.3480618,-1.8677887,3
-0.4661542,-0.71144044,3
-1.1276757,-1.8009379,3
-0.81554437,-1.560521,3
-0.62915623,-1.5922883,3
2.170308,10.919953,5
1.493551,10.487175,5
1.6740849,11.2320795,5
1.6977495,11.31058,5
0.98100424,3.5665338,3
1.4376073,10.790438,5
2.0702856,11.556632,5
2.0462985,9.861085,5
1.423777,10.035306,5
2.216257,10.936132,5
2.2227762,10.890035,5
5.9369745,-1.8661189,4
6.388116,-2.2415257,4
5.8715563,-1.8412908,4
4.900097,0.2664083,4
4.60789,-0.31439403,4
5.948206,-1.9161896,4
4.8048224,0.15030424,4
6.038109,-1.9496341,4
-0.8412867,7.7796807,6
0.24185754,5.731004,6
0.43871248,5.2673907,5
-0.2374149,6.697334,6
0.4058639,5.849318,6
1.1644169,5.0569057,3
1.1735687,8.975894,5
1.1302655,9.784927,5
1.1298968,9.7344675,5
0.57055116,5.2939363,0
1.3850976,10.776488,5
5.1999426,-0.043005273,0
4.922425,0.4390852,4
5.121747,0.18665758,4
1.2802984,2.4728246,3
0.7785193,1.1183448,3
0.58120555,1.1958954,3
1.7240876,2.7341099,2
0.8814175,1.2889974,2
4.5941133,4.84956,1
9.414055,4.439269,3
1.0859239,0.6992331,3
0.6502057,0.091554925,3
2.2915606,3.587523,3
-0.5266475,0.4299189,3
1.0873162,1.9455085,3
4.2568474,4.785814,5
1.2568263,4.2518926,3
1.7806262,2.4942508,3
5.695572,-1.268128,4
4.4578853,-0.6232899,4
4.730334,-0.6907514,3
-0.066666424,-0.1860665,3
0.92014205,1.364744,3
4.750173,4.4450717,3
1.4720073,2.4640067,3
2.5427272,1.0810062,3
2.2033591,3.6295168,3
-0.15405695,6.4507084,0
0.34584013,2.287885,3
-1.461936,4.3928757,3
-0.9702151,5.0584397,6
-1.5105891,5.149387,3
-0.9774675,5.0795927,6
0.18059786,5.990223,0
1.1654189,8.994591,5
1.2599072,9.04911,0
1.1798753,9.957208,0
5.404334,-0.31271237,4
-1.8178865,4.066188,0
0.112313464,6.3738856,6
0.28938255,6.4871864,5
0.8881096,5.4056816,5
1.2181025,4.387103,0
5.2933383,6.094798,1
0.37979823,2.8105953,3
1.2764853,5.696034,3
1.9858824,10.428529,5
-0.9677252,7.8075385,6
-0.73375535,7.6258507,5
5.632883,-1.1716162,3
4.3167896,-0.85945404,3
4.284077,-0.36417896,4
4.086413,0.6176548,3
2.8762097,0.58754253,3
1.5151566,0.26113394,3
5.5515933,-1.1709985,3
5.000843,-0.6203436,3
6.058871,-1.2239656,4
4.267659,-0.85097873,3
4.7671146,-0.46738133,3
4.011105,0.6858086,4
5.712372,-1.2716147,3
5.577496,6.1627145,1
6.3277383,7.0838466,1
5.2466283,6.166069,0
5.686378,6.37293,1
-3.936235,4.7320766,0
-0.58559644,7.5192847,6
-0.08949414,5.4060316,0
-1.8952338,4.5301623,0
-3.7743547,4.4772043,0
-3.5320606,4.7493153,0
-3.3158345,4.5451035,0
-4.266851,4.5336785,0
-3.5669045,4.7685423,0
8.538546,3.0507066,5
-0.9519043,4.055869,0
1.5563228,10.800073,5
1.4857684,11.04446,5
1.7048621,11.400431,5
0.035141416,0.9907644,3
-0.5296338,0.3641666,3
-1.1357179,-0.3425109,3
0.7371715,-0.14405073,3
-1.1798146,-0.35882387,3
-1.4009159,4.8238916,0
0.30382907,5.663103,0
0.31533623,5.619398,0
0.63190967,5.169115,2
-2.3262897,4.596822,0
-3.0508199,4.568225,0
-3.6822114,4.9301925,0
-1.0760047,-1.555834,3
-1.0128818,-1.5897505,3
-1.037828,-1.5659034,3
6.2669888,6.7814174,3
6.4037886,6.950046,1
6.2930474,7.201845,1
6.3357472,7.6208873,1
6.718069,7.8999224,1
8.68595,3.8879445,2
5.293725,6.0823402,1
5.9093523,7.397594,1
5.8441505,6.9813576,1
6.4685006,7.044666,1
4.997635,5.7277527,1
5.8629007,7.3175006,0
5.8093376,6.525352,1
0.3313861,1.1869572,3
6.0300264,6.4307537,1
6.33828,6.9372005,1
5.3462257,6.5505657,1
6.8594313,8.062347,1
5.1739974,5.8256445,1
-2.838207,4.6267776,0
-2.78946,4.512391,0
0.5579298,5.125319,0
0.3430228,6.7570686,5
0.33269787,6.4158735,5
-1.2426367,4.4304805,5
-1.2234129,4.445163,5
-0.6100355,4.7596974,3
0.7799105,4.9848137,5
5.949331,7.0964413,1
5.7686806,6.9369907,1
-1.2510265,4.7885675,3
-0.38311973,7.041405,6
-0.3549373,6.984504,6
0.40041685,6.642877,5
-0.78072256,7.648929,6
6.8585224,4.525758,2
0.78567743,1.8047501,3
1.4385695,2.7797985,3
-0.9813439,5.0887637,0
1.2718952,2.7402494,3
1.315389,2.7628202,3
4.7615366,0.7449074,3
6.1528444,-1.0315543,4
6.0592184,-1.4343721,4
5.949477,-1.1939492,4
5.966274,-1.3548453,4
5.2389708,-1.3292198,3
5.2760873,-1.3346035,3
5.1530795,-1.281438,3
5.5153136,-1.3647786,4
4.812969,-0.654442,3
5.0650096,-1.1259623,3
5.6810255,-1.3213034,4
-2.6740997,4.8594456,0
-0.8069109,7.8913884,6
-2.9571989,4.9169745,0
-1.7237635,8.841738,6
-1.4449265,8.526357,6
-1.0839643,4.208901,0
0.10922206,5.4036803,0
0.87354153,2.0960772,3
-2.8103135,-1.6951896,3
-2.821446,-1.7049272,3
-2.81432,-1.6926672,3
-2.698821,-1.6452645,3
6.148083,7.302302,1
6.8734765,8.0767355,1
6.3389688,7.4604573,1
0.07998129,-1.158294,3
0.4909975,2.590629,3
0.0069250367,-1.3185216,3
0.98477906,3.4479616,3
8.478025,3.0667813,5
-0.17233855,6.525953,6
1.3376385,4.151522,3
0.80386335,5.378567,4
1.2545747,5.0902667,6
0.19706379,5.207731,0
1.3884732,4.9944344,0
-2.4550824,9.261909,6
-2.4574358,9.264322,6
-2.4459188,9.325993,6
-2.4013302,9.01705,6
-1.6452063,7.697147,6
-0.48279324,2.3959615,3
-0.46682766,0.5801206,3
-1.8403338,8.919942,6
-0.22059608,6.425559,6
-1.9372841,8.363741,5
7.8490562,3.3856146,2
8.942832,3.9651542,1
6.44861,6.887593,2
1.0696834,4.5184035,1
0.3822493,4.90667,0
-3.9308486,4.488345,0
1.6294038,5.975467,6
1.624179,5.9545674,6
-1.7689148,-0.88518846,2
-1.9275006,-1.2015738,3
1.1286341,3.4346642,3
1.0104499,8.769342,5
-1.4547316,4.763882,0
-3.815466,4.9282956,0
-3.7721713,4.8449388,0
-3.4130518,4.773609,0
-3.7608385,4.924758,0
1.8965942,11.479187,5
1.0897537,9.188001,5
-1.660845,4.512615,0
5.6026645,1.7797246,3
0.13352184,5.984673,5
-0.18309045,6.5600753,0
0.23798808,6.53446,6
3.2612925,1.0562376,3
-1.5733345,7.644601,6
0.89775753,4.870788,0
1.1847297,4.839928,0
1.150509,4.926144,0
-4.1597834,4.893064,0
-4.1693664,4.9138017,0
-3.5404856,4.757397,0
-2.1938818,4.483771,0
-2.5407853,4.500548,0
0.5963749,5.2024355,0
-4.163614,4.8607936,0
-2.7403083,4.4543056,0
-1.1232306,-1.2475102,3
-0.62267745,-1.653853,3
-0.63613296,-1.6492274,3
0.85534275,2.26552,3
1.5856484,6.14826,1
-2.487735,9.180456,6
6.740239,7.936013,1
-2.3805146,4.3513203,0
-0.7666074,0.60731435,3
-0.9023676,-0.06242421,3
-0.29643166,0.911209,3
-0.08449029,1.0291086,3
-0.26638836,0.90671057,3
-1.7921284,8.411339,6
5.5752106,6.6676974,1
-4.282331,4.495281,0
10.603047,3.183773,2
10.595028,3.2236116,2
5.838279,-3.0508287,4
5.838784,-3.0603788,4
5.831648,-3.0542033,4
5.843152,-3.054164,4
5.7736483,-3.0879805,4
1.0855478,8.880748,5
-0.12700821,6.401538,6
1.3175465,4.8003583,3
0.33876923,-0.05535196,3
-1.8239067,4.0105605,0
-3.354384,4.772696,0
-1.7540759,4.1151705,0
-3.6532185,4.591537,0
2.0208738,10.858384,5
5.8612146,-1.7141027,4
5.9691787,-1.6698576,4
6.4834967,-2.1081288,4
6.507339,-2.162614,4
6.9718904,-2.8395298,4
0.9544722,2.2967083,3
-0.5086479,0.5783872,3
-1.1427976,-0.5085952,3
-1.3057735,-0.71434295,3
-1.2634491,-0.7427842,3
-1.2541274,-0.72968334,0
-0.5198077,0.54722524,3
6.525596,-1.215024,4
6.5279226,-0.8077923,4
6.312745,-1.533976,4
6.3438816,7.8310103,1
6.340465,7.851016,1
4.5441113,-0.77169544,3
6.433755,7.608463,1
1.4423053,4.1243515,1
5.6231093,6.767487,5
4.5824356,4.7205515,1
0.46498477,0.7224658,3
4.6137996,0.078128956,4
4.3901925,0.1875577,4
5.3449225,-0.2280669,4
3.9714067,1.3311021,4
-3.0928845,4.45957,4
5.197247,0.07387461,4
4.9634166,0.3250681,4
-0.21059139,5.13834,0
-0.18702962,5.1268153,0
2.9473062,0.42709374,0
2.216927,10.913856,5
2.0981,11.494293,5
2.1314638,10.787557,5
1.4932213,9.896134,5
1.5400262,10.160808,5
-0.9007653,5.0460844,0
1.4735401,10.2821045,5
1.1678411,4.8517857,3
-3.8745246,4.94363,0
0.29882476,6.696643,6
9.621137,3.3405354,2
-1.2606575,5.206628,0
1.0851765,9.540002,5
-0.50550425,7.3997765,3
-0.85882014,-0.7293951,3
1.3327764,10.076552,5
1.1993351,9.942679,5
1.4142363,10.758503,5
1.9130943,9.507466,5
1.9789665,9.487372,5
5.750729,0.6195339,4
6.0890913,1.7664711,4
3.1886735,0.96754265,0
3.8739984,0.25338128,4
-0.88669634,7.885961,0
5.134602,0.36553717,4
4.324218,1.3391,0
-1.1582818,-0.81474113,3
1.9870597,4.6333776,4
1.9398433,4.6769857,4
2.047864,4.557876,4
4.9428616,5.64895,1
2.6606545,1.0076729,3
3.2261698,0.8634603,3
-0.14781995,-0.5564608,3
1.2190405,2.7926688,3
2.6318648,0.5484404,3
2.607392,0.5103232,4
8.157195,3.0228913,2
0.8402331,-0.055725966,3
1.6966609,4.07546,3
-0.9251348,-0.61460704,3
-4.3318577,4.4980283,0
-2.952457,4.880909,0
4.183306,4.7312846,2
5.644765,6.446909,3
-0.8599939,-0.87040347,3
-1.3589377,7.5689554,3
-0.68077135,-0.5250936,3
5.0782332,6.1623325,1
2.3216436,4.1361084,1
2.0139806,4.07619,3
-0.28845888,4.9934626,0
5.3810167,5.9321914,1
5.335655,1.3590554,4
6.860825,4.53972,1
5.4782677,6.247312,1
4.189382,4.761061,1
5.969424,6.566401,1
5.9276576,6.4866104,1
6.146506,7.5222607,1
-2.7248907,4.4218926,0
6.86815,8.066251,1
4.012527,1.5127779,0
-3.097825,4.3422737,0
11.3219795,2.9466438,2
5.1437635,-0.47849303,4
6.038941,-1.7954391,4
4.6338,0.14181225,4
1.5515966,3.655293,3
4.4992385,4.873007,3
4.5279303,4.8690543,3
0.7778325,2.6666214,4
4.431219,1.4524515,0
-1.5317202,-1.7221428,3
0.28921807,1.7933667,3
6.7232738,1.9752322,3
7.264815,2.7989569,3
-1.5575203,4.614657,0
6.215099,-0.81532466,3
7.3457184,2.8383095,3
4.4772663,1.168164,4
3.3132834,0.7704319,4
3.247331,0.8536109,4
3.0226145,0.89234126,4
3.420274,0.70633733,4
-3.3197086,4.5513463,4
-3.289893,4.507569,0
-1.8700659,4.093404,4
9.3345175,4.364833,3
9.292152,4.4262695,2
-0.6737465,-1.0277033,0
0.43743527,-0.2961504,3
4.7715316,-0.7231836,4
2.246723,10.916906,5
0.09528599,5.5865965,0
12.122522,2.8466396,2
12.457166,2.805543,2
-0.5247882,-0.030978909,3
0.47282583,0.9404987,3
0.52286285,1.0360129,3
0.53346896,0.9571136,3
0.14738883,0.8929965,3
9.173732,4.483812,2
2.3327467,3.546642,3
2.2574203,10.730643,5
2.0091774,11.439598,5
5.560267,0.14623103,4
4.5842443,5.0379024,1
6.526803,-1.7254852,4
4.4827757,-0.67798907,4
6.19057,-1.6809024,4
4.314779,-0.9048487,3
4.869994,5.471254,4
5.0704365,1.3253418,4
-1.8962616,4.342584,0
1.4331485,4.0334096,4
4.631975,1.6845534,4
5.32857,0.22328229,4
-0.44669038,7.3281345,5
8.70731,3.842765,2
8.933056,3.1659732,2
8.818197,3.2093182,2
8.945021,3.4528673,2
6.4748416,-1.3734593,4
0.0253511,6.1148753,6
-0.15157704,6.4772677,6
-0.12954421,6.419972,6
-0.28400797,5.784851,6
-2.1624775,-1.588328,3
7.0321994,-2.8890774,4
7.04363,-2.8945663,4
6.9369574,-2.7439735,4
0.9921654,2.155213,1
0.9077775,2.2435145,3
-1.4213668,4.463239,0
1.1474297,9.851733,3
3.6742806,0.83103347,3
1.9930824,9.310524,5
-3.7951143,4.8967605,0
0.25047964,2.5600245,2
1.2776064,3.270672,3
1.2967501,3.2950695,3
1.1512495,1.936589,3
3.1957045,4.0476904,3
1.2038088,3.466793,3
7.724782,3.5442138,2
3.9204879,1.2506416,4
3.8858414,1.2242951,4
-0.46008828,2.6958368,0
-1.611379,4.266533,0
0.93964434,3.2464569,3
9.969725,3.2671843,2
-0.914443,8.01818,6
-1.8204718,5.003112,6
-3.0555236,4.6341076,0
1.2488129,4.2480574,3
0.32052264,2.6458151,3
1.4750677,9.592517,3
1.6154838,9.602477,5
5.101421,5.791042,1
0.027643416,-1.3304209,3
5.1817613,-0.0083023915,4
5.175423,0.011658148,4
7.8762984,3.0562186,2
6.936674,-2.7307522,4
6.9769835,-2.7924626,4
-0.91187036,7.694203,4
1.7183579,3.1907685,3
1.5410203,3.0572112,3
9.472884,3.296638,2
9.261018,3.397971,2
9.809427,3.221482,2
9.5682745,3.2294211,2
10.701967,2.7657602,2
10.300918,2.798111,2
10.191711,2.7617438,2
9.233476,2.8763852,2
9.456786,2.7005527,2
9.293442,2.8137584,2
-1.2748294,4.8435397,0
6.907061,4.48905,2
8.727001,3.9093125,2
9.976496,3.6938431,2
-0.13881586,5.7201457,0
-2.3667207,9.344533,6
-2.3995128,9.350242,6
9.230791,3.4020824,5
-0.45392045,7.340073,6
-0.44655305,7.294547,6
9.650998,4.420433,3
10.487739,4.007839,2
-1.9277344,9.021245,6
2.2325492,3.702759,3
5.9233418,-2.5001135,4
5.741791,0.77407306,4
5.8347783,1.1599287,4
9.452668,2.767684,2
1.1998312,9.009187,6
1.2599548,8.998506,6
8.601917,2.786319,0
8.928575,2.852915,0
-2.0228343,-1.6242622,3
7.026733,2.4174623,0
5.958897,-1.8062183,4
5.7770243,-1.5087645,4
0.25406918,1.5941747,3
11.883765,3.085853,2
4.8001914,4.481904,3
6.479069,7.1268463,1
-2.4041767,9.378702,6
-0.7893485,7.8697,6
1.9795102,9.509695,5
2.3222206,4.0343146,3
5.606187,1.0146823,4
5.621315,1.0188553,3
0.30261353,6.504818,5
0.82995266,2.3795276,3
6.171484,7.6467915,1
6.321944,7.679307,1
3.009673,0.38117594,3
-3.6259024,4.7044163,4
1.8318238,9.44145,5
12.140513,3.3301544,2
-2.3423276,-1.615564,3
2.7273312,0.90814656,3
2.6596541,0.841075,3
6.023135,1.7699904,4
0.71461815,6.589409,5
2.1579635,4.115516,4
-3.6901126,4.7183723,0
1.0344689,2.0800579,3
1.0267665,2.0439641,3
-3.442003,4.812379,0
10.045242,2.7151923,2
6.8735747,8.073249,1
6.527003,7.5201616,1
2.2529073,10.699647,5
9.36468,2.9549987,2
-0.7091781,-1.1052423,3
0.9042006,1.8178577,3
1.529217,5.8012214,5
-2.7902462,4.4495387,0
8.157427,3.018348,2
0.8735921,1.3572826,3
10.562685,3.5345275,2
10.501921,3.4846833,2
1.3543357,6.2640505,5
1.4974257,6.055989,5
6.544737,-0.8107008,4
1.3042101,2.5622435,3
5.4954967,0.09818587,4
-1.55067,-1.0174967,3
8.196206,3.2359319,2
9.344797,2.884655,2
6.2605324,-1.965757,4
10.892405,3.3808923,2
4.439048,-0.82655627,4
1.9529598,11.40636,5
1.5960927,10.89148,5
4.7780395,4.5469227,3
10.080695,3.3202183,2
-0.6975224,0.40823174,3
1.6640908,2.5424237,1
0.34080312,2.8052652,0
0.32720783,0.82079405,3
0.8860426,1.9136568,3
5.5014024,0.5796699,4
2.3615742,11.350997,5
6.505215,-0.70154035,4
-1.1263236,0.059369475,3
-1.1339977,0.07320943,3
-0.049972154,-0.3518427,3
4.481713,4.931637,3
-1.1470724,-0.47472775,3
-3.9452415,4.59337,0
-3.89768,4.454159,1
9.8445,3.2845457,2
1.8152878,3.3718636,4
5.7210517,0.55690414,4
5.8575,-2.8691165,4
0.9727374,0.022634469,3
-0.76885015,-0.5133707,3
2.6595871,0.4516228,3
0.9350924,5.263968,5
10.287511,4.0369067,2
1.4417506,2.7321517,3
8.816508,3.874925,2
8.402609,3.8609617,2
8.7978115,3.8658705,2
1.0169467,0.09436042,3
10.437883,3.317779,2
10.404003,3.3382313,2
0.52875346,5.262313,0
4.0771394,0.6970025,4
4.713542,0.06426669,4
3.0089931,1.3277566,3
3.0023136,1.2694678,3
3.0075006,1.3629133,3
0.45860574,1.8109243,3
7.2260265,2.6275678,3
1.513873,2.4372153,3
1.3640928,1.9034605,3
1.5449947,2.4523132,3
1.5562665,2.4913318,3
1.334422,2.4723117,3
-1.3841428,4.363343,0
-4.2817607,4.4984775,0
4.271261,-0.26830414,3
-0.8493625,-1.1407819,0
-0.3457852,2.21467,3
-0.92627776,2.9218483,0
11.982818,3.3798409,2
-1.3724474,-0.96452165,3
5.194264,-0.037807498,4
8.893078,3.965344,1
10.741722,4.2860065,2
1.1667053,6.7898736,5
5.678388,-0.7672965,4
0.10167543,0.9362732,3
9.528554,4.3923335,3
7.547254,3.0128276,3
6.4807277,7.62979,1
2.0063708,9.540282,5
-0.7813152,4.634118,3
4.4064245,-0.7587658,4
2.4601324,0.80977386,3
12.22276,3.4709744,2
9.770998,3.969167,2
6.7144647,4.578997,1
0.9244469,1.7853435,3
9.1456175,2.9778564,3
1.8496958,2.946158,3
1.7330308,3.2290199,3
1.7359557,3.174973,3
-2.4068828,9.283567,6
-0.59344876,0.27243418,3
6.962514,2.3638875,3
10.659989,3.0274174,3
-1.8791093,8.293084,6
1.8930346,2.9774904,3
-1.1543704,-0.5590478,3
0.33159727,2.8484573,3
10.738436,4.302901,2
-0.44957718,0.15344177,3
11.779409,3.0229075,2
6.1039186,-1.3718835,4
12.701483,2.7716167,2
0.33486864,6.6473517,4
1.31992,1.7595081,2
1.3403418,1.7329228,2
-2.7919443,4.454911,1
2.021494,11.525484,5
-1.4873295,7.6258273,6
4.757278,0.6581833,4
-1.6721413,-1.8362149,3
-0.67172277,-1.3379949,3
-0.7075406,-1.3474051,3
12.183892,3.4794154,2
2.1848152,11.374165,5
0.8556218,1.4607394,3
1.9630164,9.575997,3
7.05654,-2.9090497,4
-0.2457613,0.49792725,3
-2.7983496,-1.6894628,3
-1.6283847,-1.3572997,3
-1.6276475,-1.4023057,3
-1.623712,-1.2859837,3
6.198605,-0.9994718,4
-1.5149653,8.623993,6
9.696952,2.5884244,0
1.3215915,5.3560987,3
9.281237,2.9724417,2
12.686975,2.79096,2
11.133722,3.4454236,2
0.86373585,5.9369435,5
7.0631466,-2.9173415,4
6.8737097,-2.7378464,4
4.3976207,0.33247414,4
6.0450726,-2.0125518,4
0.0942373,6.880444,6
5.541613,5.9104815,3
12.247187,2.8642747,2
10.537149,3.2502213,2
0.205766,6.030938,0
7.9578857,2.7243345,2
-2.0534406,4.315679,2
8.088647,3.1996512,2
10.923622,4.0675282,2
10.604708,4.0750313,2
-0.7564629,0.07618341,3
4.7182894,0.68727463,4
7.356074,-3.1624775,4
7.343965,-3.152747,4
-0.28717324,0.5569224,3
-1.3079265,-0.3727116,3
2.8863869,0.8242599,4
2.9036179,0.85780174,4
-1.1820377,-1.569427,3
-1.0934534,-1.6043761,3
0.2810643,2.6643994,3
6.531719,-0.90774214,4
6.7195625,1.3540069,4
6.703871,1.2764736,4
6.476055,-0.585072,4
6.4986577,1.8986888,4
6.52221,1.8709497,4
1.1717876,3.3314342,3
5.654896,-0.4726265,4
6.405218,-0.7055871,4
6.746172,1.3797574,4
6.0620575,-1.5760328,4
6.777087,2.0532315,4
6.6947536,1.3794919,4
6.7884016,2.058998,4
5.3351355,-1.3385938,4
12.306464,2.9684548,2
-2.497279,-1.5419976,3
-1.3724754,-0.37751257,3
-1.3845562,-0.4113448,3
9.988529,4.121292,2
1.0284762,3.486499,6
11.512114,2.9430223,2
1.2777637,6.572594,3
-1.6147755,-1.2890537,3
5.3237987,-0.23445082,4
5.295254,-0.24564674,4
6.103135,-1.3393651,3
0.5990137,0.37879038,3
-1.123958,0.08151662,3
1.9821808,9.61182,3
0.92079806,2.2595856,3
-1.645911,-1.7978573,3
-1.0659589,3.0965526,0
-0.5888774,0.81007546,3
0.4012497,0.89952487,3
-0.50437766,4.6099057,3
0.41464257,-0.15354657,3
0.28145182,-0.22728576,3
