TSNE1,TSNE2,label
-37.3349,10.934498,3
-19.84987,25.285135,4
8.175233,-3.325678,4
-3.1810756,14.653051,0
34.216263,28.473684,3
8.550334,-15.872566,2
2.4781072,-12.96632,0
-16.466812,45.99383,3
14.156246,-31.194546,3
-2.89541,-31.001749,2
13.952079,11.858809,0
-30.82089,2.0857773,0
25.320202,43.029724,4
-17.03009,-15.920132,3
46.175777,2.81644,3
-44.159546,26.829527,3
-28.800556,-35.938644,2
-57.37763,-7.2573476,3
27.608084,13.001612,1
26.39988,32.02913,3
18.860756,33.559372,5
39.70676,10.32735,3
38.4118,-19.818184,4
46.26156,-27.032818,6
-54.62037,-5.542223,3
-33.385628,5.1565294,3
49.597393,24.813326,6
-23.91057,11.41954,3
-23.707703,-32.297436,2
-21.052753,31.647137,4
-58.05576,21.439745,3
-7.901468,-3.8335497,6
1.3435256,25.626429,0
46.98587,-12.660518,4
-21.862041,-21.568998,2
3.3318496,12.00939,0
28.508062,5.3984113,1
6.119126,16.349821,5
27.423307,-23.036057,4
54.9336,-14.400461,4
-9.871331,28.128817,3
-1.5132971,24.531656,6
-8.426028,3.4562788,6
42.18708,37.952446,4
-42.147266,18.362818,3
-20.24736,17.003376,3
-25.95425,-27.4383,2
8.099968,43.06455,5
-47.936005,3.3605053,3
-0.46500134,-25.103037,4
-1.0610473,6.439065,5
23.742884,51.549713,3
14.777675,-2.7784135,0
-19.63807,-23.599745,2
3.6996276,-3.5078328,1
3.8693807,-14.898909,4
-12.083722,5.394501,6
5.781417,-13.541564,3
-17.32992,-30.836832,2
-8.447411,-40.881676,2
17.433617,-17.221907,0
4.322096,-8.722225,0
40.263798,6.381252,0
42.63987,-17.323135,4
0.11150463,-56.485138,2
36.907906,-31.261066,0
63.073475,-23.877232,4
4.6423087,49.585896,5
-19.446287,-21.138136,2
2.3205588,10.597907,6
20.312405,38.458828,5
-30.786886,-9.244938,2
50.036644,6.57303,2
-3.0590596,-50.608734,2
-8.990632,-7.8408856,0
27.239922,45.760143,4
-11.354892,-0.4671988,5
-4.4908175,9.651858,6
30.501795,-23.330675,4
12.571453,6.507679,0
14.20174,-9.037729,0
14.205418,-12.554452,0
58.165283,-3.382654,4
-30.338095,-15.670461,2
31.47742,36.195282,4
26.702076,35.631035,1
24.910456,-16.39067,4
-3.0714264,0.33718988,6
-9.145491,-15.310557,0
37.569584,0.2824253,4
-20.775162,-20.425688,2
-25.136574,33.33393,4
-17.947798,-55.49024,6
12.763224,3.5953438,6
52.7838,4.350299,0
11.721688,-14.790193,0
-8.271542,1.7709619,6
10.680431,40.201614,5
-16.01357,-1.2411461,0
-17.841316,-53.64357,6
16.638714,-11.362722,0
-34.039967,-10.747688,2
17.288897,23.989132,1
28.969973,16.669437,1
19.780796,21.130707,1
-19.496819,-17.232374,2
-11.104911,3.1611779,6
-30.684813,-22.784817,5
-10.815444,-56.4008,6
20.358398,22.589357,1
-27.963352,-8.134557,2
-23.30407,-26.795725,2
-9.26451,35.061752,1
6.33457,40.682632,5
18.638243,8.458672,5
37.93559,5.914022,5
-9.842688,-3.3522975,6
19.372446,27.25225,5
0.47861242,19.822493,6
7.0893955,46.973843,5
27.703289,11.425896,5
32.62327,15.635692,1
-7.376532,31.934368,6
-17.917078,-53.6427,6
6.3261476,-5.921742,1
7.547956,49.916485,5
-26.230179,18.865103,1
-15.966264,-56.647045,6
30.1006,44.600624,5
0.97341067,42.538223,5
2.8769422,-24.491022,5
-25.421082,-10.793963,1
4.4736443,43.430378,5
-47.445927,-24.429092,1
11.789733,16.330622,1
-20.84291,50.89437,1
25.498013,15.836178,1
28.85909,20.918892,1
16.269459,12.216397,1
27.605154,13.369126,1
30.4143,41.810085,4
33.31037,-19.622593,3
17.562368,-6.82168,0
-50.00741,-7.8534975,3
-11.288685,-56.01531,6
-9.550528,-54.241783,6
27.198082,-1.3942859,0
14.415882,0.76944995,3
57.428783,-13.896871,4
8.682026,-2.736269,0
-55.773136,-5.1004877,3
10.879125,1.4304391,4
48.72621,18.828514,4
18.676722,15.590623,1
-26.606434,-28.210978,2
9.871658,-1.0588723,2
-32.158936,-33.292763,2
-55.623264,-12.250457,3
36.862408,-8.82298,3
45.99493,2.6117713,3
-36.43606,4.730646,3
-2.6867774,19.23082,0
-10.944436,-15.30539,4
3.4921083,52.618896,5
4.932745,-11.510943,0
-37.3727,6.684092,3
-27.222172,40.554222,4
-16.235773,17.067623,3
-15.68408,18.207996,3
-28.45632,-0.4892324,3
-9.548069,-32.035355,2
35.61081,-9.152526,3
44.348717,-17.013828,3
-33.287323,-8.476343,2
-15.685498,-28.429348,2
-4.1709847,1.6797065,6
31.010265,10.473518,1
57.63833,-18.971724,4
-36.151886,23.954796,3
-33.1729,41.8986,3
47.126385,3.362995,3
-11.194481,6.775929,6
-39.096607,9.383035,3
-47.66502,13.980733,3
21.039469,13.823365,3
-35.81197,21.292732,3
7.4204836,-26.074688,0
23.893192,-29.748259,4
-17.74726,-22.702587,2
-15.432192,-39.59358,2
-7.414573,2.3384397,6
21.124004,-15.843062,5
54.093082,12.776263,3
0.54317105,53.885815,5
42.46366,-8.687415,4
52.90487,4.3536644,0
-21.081583,21.588346,4
-49.864594,3.561806,3
56.071766,-16.910437,4
33.4088,-36.863823,4
-35.509735,29.89905,3
27.45479,-11.446665,3
-43.094227,-22.710928,2
5.146039,47.000263,4
-14.3501215,3.148754,0
22.762718,-36.486565,3
15.923105,31.191124,2
-36.13267,23.962004,3
24.401989,-8.2091055,3
57.763294,-28.047024,4
24.960318,-20.168951,4
12.211956,0.7179302,0
12.763477,-29.728558,3
-9.437082,-54.69484,6
3.676955,-1.8860621,0
-32.336308,-1.7175578,3
-7.20828,25.669231,3
40.070946,-22.894836,4
-38.2356,-7.8583307,3
41.49686,4.4712653,3
2.3681302,37.693287,5
44.4921,25.341864,2
33.40744,5.496262,3
-28.62218,-30.037146,2
-21.038696,4.73867,4
15.226115,-29.838245,1
-49.718685,-9.464836,3
-17.795794,-37.009407,2
-29.636581,-6.2610483,2
-47.193897,10.020081,3
-38.249664,17.846302,3
-53.3852,10.019545,3
-51.187836,-5.437804,3
-0.38966167,37.60278,5
18.782671,9.682837,1
-46.004677,21.248524,3
5.3114405,11.979224,1
-36.482094,12.9657755,3
0.4222033,34.64365,5
-25.98714,29.800869,0
44.6211,-14.585037,3
25.040308,8.286359,5
-13.642664,-6.148742,0
40.24688,-15.940448,4
-13.5316,-32.677185,2
28.516764,39.353153,4
-20.3735,-27.747513,2
50.512043,-7.4409003,4
54.33132,0.9223069,4
8.640197,40.095215,5
36.021935,17.913908,4
17.89969,-50.007633,3
0.6917999,-0.7476547,5
20.589857,-49.9753,3
21.698153,-48.84138,3
-16.735632,26.682878,4
10.587671,-25.144655,3
14.938266,-8.756186,0
36.852367,1.1060706,4
19.01836,26.94476,5
-28.52337,-18.26538,0
-28.239311,3.3436396,3
3.0909488,23.258127,6
-22.034435,44.680588,2
-50.16168,-29.845287,5
9.147668,28.553402,5
-6.2879844,-10.935511,5
-37.347534,-34.19675,3
-3.5302489,-43.003128,2
-37.477158,16.94492,3
-13.571932,-4.94291,0
-12.956132,37.978996,4
8.337083,-0.2508995,5
14.62828,-32.934658,3
2.1458046,-7.7312293,0
54.455757,-1.3153646,4
-7.9020886,13.520487,0
4.445853,1.6950486,3
33.278515,35.19966,3
-15.210673,-6.0885477,0
-5.754202,2.1050973,0
-47.86021,16.50904,3
5.167125,45.146923,5
57.939034,-11.995962,4
-3.493898,32.8506,4
-1.1390511,15.53099,3
-14.099004,33.973934,4
12.428278,4.874271,3
-18.53121,-1.8376598,3
32.898705,31.81171,2
-21.869537,-31.382061,2
44.075943,-15.306496,3
-39.677727,6.898968,0
52.884964,0.55534613,3
8.054433,5.827897,1
19.037746,-44.35198,3
-27.719414,-21.55539,2
-53.04733,-10.80822,3
10.676451,-36.26164,3
26.352037,-5.743103,4
-1.3501375,-15.0802765,5
-25.751722,-35.926117,2
26.985722,15.808005,1
34.753098,16.882206,1
-15.90496,22.628944,0
-6.588453,-7.794181,0
9.264509,13.276373,1
-27.284735,-26.274725,6
22.55618,13.386686,1
33.547684,-16.0383,3
-57.257,-1.8946052,3
-43.734688,-3.4855602,3
-28.814045,45.067043,2
-34.639072,18.863237,3
38.83298,28.717878,3
13.999695,-13.893149,0
-47.77126,-7.3609233,3
22.056622,48.14138,4
13.635797,14.4531,1
21.27098,-6.572821,3
30.495014,-1.4174929,4
0.18840729,-38.47124,3
-32.2731,-12.471006,2
4.46696,-0.3836468,0
-5.812295,23.171637,0
-3.4832566,-13.702944,4
48.945393,7.9368696,2
-36.711674,7.884055,3
37.798687,23.774149,2
-38.251095,5.067937,1
-24.320772,37.255943,4
-9.585204,7.7372093,6
-24.823738,19.540993,3
49.800304,4.97324,2
-9.977561,-5.2381415,0
32.59151,-10.250669,3
0.90774673,-16.954462,3
21.147947,-0.37401673,2
21.761093,-43.569553,3
35.987244,-21.531086,4
-11.130314,39.329575,4
-47.50283,5.828674,2
9.505115,15.283227,1
-44.82733,-3.9522445,3
11.347632,39.919914,5
-25.239712,18.009214,3
-13.07712,-33.002113,2
12.375185,-10.956559,0
54.860054,-16.183659,4
-8.898679,8.516157,5
40.244007,7.1630597,1
11.680968,-26.026705,3
-39.51643,7.761729,3
-24.574478,-27.731522,2
20.78619,-22.842909,0
-21.631268,-24.93481,2
43.336864,-0.3738866,4
-26.83896,-30.631792,2
-23.779383,-36.03213,2
-21.866884,-13.052597,2
17.812456,44.962097,5
55.88488,-24.535889,4
52.95008,-0.29843155,4
-17.992876,-19.372019,2
-27.909246,-41.948425,2
52.93426,7.7769294,0
1.8018999,-41.246124,3
-33.10094,-23.223879,2
57.962326,-16.447468,4
35.60743,-28.162977,4
5.302264,50.602226,5
10.726922,32.35535,5
23.073204,10.064128,1
11.173432,-41.96966,0
14.006071,-32.016148,3
31.290691,-19.403479,4
10.70732,26.084494,5
50.5616,-14.180326,3
55.78065,-18.260166,4
7.2920446,32.56657,5
55.720364,-7.8026667,3
56.019524,-15.79043,4
36.055347,-6.0515547,3
36.86743,-12.085774,3
40.315994,20.319706,1
34.07397,-17.514929,4
-42.71586,21.557692,3
43.77028,-5.2590256,3
31.851927,10.022301,5
-23.851595,-14.070206,2
8.553385,-23.79113,3
-24.729733,-17.233992,2
9.839821,32.07887,5
9.41521,52.358273,5
29.590593,-40.221134,4
17.79895,-22.27454,3
-18.603432,13.526787,3
-35.666756,16.37519,3
-28.072353,8.152912,3
21.08514,15.98841,1
10.194084,36.781555,5
-32.16578,0.66504973,3
19.547184,-48.639954,3
-10.862919,-39.602577,2
8.177954,25.31279,6
-61.085762,20.08654,0
22.302494,18.821558,1
10.356286,4.497888,3
14.263186,-7.140232,0
29.959944,14.743067,1
3.953832,47.360317,5
-28.408915,16.738155,3
-12.3106985,5.3820553,6
18.254055,-37.64727,3
-2.515596,1.8562621,6
-7.707829,-12.24167,0
34.06979,-10.904209,3
-24.763838,5.3303094,3
7.9495244,-29.856947,3
2.9515283,29.66833,5
33.41663,-37.47774,4
-27.458338,13.660945,3
35.701168,-16.957998,4
11.608971,-12.615771,0
-10.218674,46.596268,5
-7.8307314,-36.750465,2
29.44102,17.75778,1
-12.635813,-41.459343,2
50.826057,-21.513693,4
30.171108,-31.46237,4
53.03484,-2.0807383,4
37.71575,33.903397,4
26.644747,-8.719211,3
-46.743168,19.315947,3
-15.53638,5.364591,0
10.852358,-3.0851064,4
-9.051163,-18.669868,3
-6.088432,-13.056181,0
25.106937,-12.600919,5
-33.54877,-24.287521,2
3.410123,15.575197,0
-0.5887046,8.545631,5
47.204964,-19.840332,4
53.6885,1.2631648,4
32.665802,44.886127,4
49.857426,40.20168,3
-1.5982232,18.747581,0
-9.768978,2.9047666,6
-50.16338,-29.839127,5
-29.495342,-47.803326,2
53.082542,1.670925,4
15.415823,39.894917,5
17.766857,18.41601,1
51.50981,-14.125898,3
-3.0843916,8.152446,5
15.766492,-35.493713,3
23.40611,-34.26752,0
-37.782074,-1.0027661,3
16.802853,39.079693,5
9.536878,4.072899,1
-35.99505,19.048975,1
-10.609177,19.32113,0
9.16481,-32.86145,3
40.41332,-29.08845,4
-20.742188,-35.67386,2
-7.740297,-19.000122,6
-33.97376,-29.548397,2
-1.3552237,32.06316,0
20.164186,27.258274,5
-15.879639,45.975056,3
-20.469458,25.93859,4
64.15591,6.270631,6
11.40352,35.622555,5
43.16715,-21.571207,3
27.166162,7.200444,5
10.281106,-20.769428,0
6.3818207,-16.45611,1
62.461067,-13.436394,3
10.79055,47.448704,0
-0.6864428,40.59456,5
-29.329418,11.834928,2
-33.66936,-6.4054728,2
36.586452,-3.7917252,3
-0.5673912,13.532046,5
12.86361,19.095875,1
10.337146,-8.224953,0
28.26461,27.99939,3
-14.972267,12.748179,1
39.299503,5.6674147,4
-10.663435,-25.357347,2
2.2710211,-5.692245,5
-7.0928493,3.6500323,6
54.33394,-20.046968,4
27.494404,-23.86378,2
24.593868,-0.6998133,2
29.843048,-4.3905106,6
19.048016,-8.200988,0
-11.912483,-8.223475,0
2.2916248,-49.83597,4
19.352768,-13.824831,6
-30.76917,18.968588,3
-15.151248,-43.279957,2
-0.9135376,17.180632,0
29.154728,-25.9285,3
-8.98685,-6.6069016,6
24.631525,12.039915,1
13.868662,6.5146437,6
21.71387,-48.970993,3
20.084179,13.568222,1
13.338144,-35.59737,3
-18.735756,10.639637,3
-16.477434,20.35885,3
-11.115185,14.529579,3
24.748184,-3.0769923,2
-5.747147,-13.629408,5
33.238876,42.736004,4
11.778002,30.758842,5
0.95669854,-4.240651,5
-19.155977,6.328367,3
15.141832,24.655647,1
-36.87128,37.379925,3
-44.873505,13.371347,3
3.0890517,-4.147552,4
44.266594,34.514328,4
-13.409055,-13.740801,2
11.249371,-14.150801,0
-17.989935,-27.224024,2
14.22747,-13.251425,0
-0.41100973,9.044305,5
-13.823313,29.461899,4
56.241936,-29.659199,0
37.00341,-4.1077733,0
52.70531,15.415665,3
-18.84675,-40.727043,2
-19.893158,-39.137928,2
-16.49719,-43.60996,2
-32.10303,-5.6353106,2
-10.441731,-53.408215,6
46.37485,-19.154196,4
-0.36480975,3.60637,6
11.233308,42.643047,5
4.8111434,39.707832,5
24.670671,20.768768,1
39.091537,-26.573147,0
6.2278986,-22.59547,0
29.824564,-20.767536,4
39.92705,-38.442406,3
26.019045,-30.60856,3
6.626388,19.019081,1
-22.71183,17.842133,3
-41.291744,-15.2202015,6
-8.265996,8.682268,6
-14.615144,-14.846955,2
3.951519,-36.234993,3
43.68248,23.896116,3
-41.248188,-12.052789,3
16.498531,2.1239984,1
7.77466,10.066142,2
-30.079025,-19.022911,2
9.219333,38.827232,5
29.657286,-33.47326,4
22.633198,-37.64577,3
-29.327509,-19.743198,2
13.816502,14.060797,1
-15.446243,-39.614433,2
28.484035,3.965909,2
24.427885,-16.391483,3
-32.109467,-6.39403,2
-21.316792,20.234865,3
52.27265,-30.619146,2
-48.78499,-7.8957963,3
-29.551962,4.435239,3
-39.3347,-30.756702,0
19.743187,49.9202,5
29.154854,-25.927414,3
-24.53631,24.21136,3
46.688244,-13.777113,3
29.367823,-39.726658,4
-3.344165,35.620472,5
1.31116,2.2218907,3
-26.875807,-29.500872,2
-1.2965698,29.92857,1
29.806091,41.735016,4
31.0283,36.623913,4
30.404163,40.73443,4
30.355385,-33.872883,4
-21.09352,-6.25825,0
19.403461,34.737206,5
-15.467268,35.049168,4
35.206596,16.617048,1
-12.482911,49.28572,3
-27.853506,-17.378447,0
-10.67429,23.775938,3
-2.8713274,-11.481993,4
7.0328956,14.81017,6
32.759445,-15.777519,3
4.1828895,30.947493,6
7.5651307,-38.45649,3
-52.584763,10.619632,3
-2.2314386,-17.77867,3
-5.477849,-15.723194,6
-34.495003,7.372463,3
56.809853,-13.075209,4
19.093937,0.75098705,3
-2.926162,15.165085,6
33.98516,-7.5718126,3
-3.8171468,-22.8309,0
13.946124,-35.16791,3
46.03078,-34.4589,1
-18.038387,-34.300697,2
19.049513,8.864022,5
20.435175,-18.72296,6
11.06529,45.183178,5
-41.14118,14.311882,2
-35.89502,-38.49773,0
-9.236799,-29.978989,2
-56.31786,26.934235,2
39.74899,-6.618019,3
40.591366,7.842526,3
37.268673,-30.616272,0
-53.63651,6.0723376,3
15.936869,40.277126,5
31.045853,-8.765735,3
31.547789,44.4681,4
13.889619,-21.0176,0
-38.157578,2.1433053,3
19.598547,-1.5736455,2
46.72308,-20.730713,4
1.1485229,42.51804,5
-15.754403,-28.30813,2
-16.910707,-2.8693624,3
-4.9615464,-28.95152,2
-33.31347,-19.787302,2
-46.061634,18.390085,3
0.45551476,12.355757,5
24.849302,28.405302,2
-13.879719,-17.293003,0
-43.858246,-11.1441145,3
-20.028036,29.248913,4
-54.616608,9.468044,3
11.477633,23.1885,3
52.224922,7.2440734,3
54.524372,8.834379,0
19.266539,50.83131,5
49.057487,5.9089565,5
6.9198647,12.336529,5
3.7091079,44.55021,5
5.1284647,41.38674,5
12.2998,30.368,5
-42.617,22.350079,3
17.458977,-17.297695,2
-4.805362,-8.881661,0
-21.811085,27.391209,4
45.963436,-26.670063,3
-20.577824,26.259401,4
-10.128521,32.6352,1
4.233482,-3.1921296,1
24.851711,-2.5884998,2
12.383756,-27.887703,3
-5.6115227,-24.348286,0
20.301199,18.312569,1
5.816893,35.613396,5
59.9188,13.810181,3
6.89762,14.81501,6
31.584154,-7.6819706,3
47.15447,-13.922546,4
1.2861956,25.625069,0
9.222582,-10.735822,0
23.730883,34.532326,5
-53.01217,16.67746,3
-37.359547,-34.203045,3
5.9264517,37.538246,5
43.635864,25.359497,2
8.179152,10.889301,3
23.151333,-23.241833,3
37.597893,-24.151009,4
6.3112807,44.1997,5
6.030068,29.381523,4
-12.130521,25.971195,3
-1.773568,-19.190453,0
32.25353,-4.8105125,0
-52.740105,4.1446843,3
-10.687335,15.822132,6
-30.870972,10.790813,1
-18.119171,-24.980038,2
5.443779,4.441262,1
-25.315151,-24.525259,2
-26.46694,-10.793094,2
53.27129,-24.310486,4
-38.02161,-22.461662,2
-44.182964,-2.7237072,3
32.308968,-31.244402,4
-41.211266,28.368177,3
10.385348,-13.296713,0
8.028692,18.09797,5
-30.926365,5.3482046,3
-5.9480214,16.88099,3
-38.712868,22.521488,3
33.33797,-11.271205,4
-21.227707,9.634943,3
-39.57039,10.273388,3
16.165773,47.82692,5
-0.0049086413,7.763125,6
13.368635,38.795063,5
-14.319228,-21.221767,2
38.067406,-7.213762,4
31.542782,-13.303546,4
5.085715,32.065964,0
4.581698,12.57569,3
10.193439,18.771175,5
-44.526707,-6.5096645,3
9.411527,5.9625773,0
-4.780164,3.431478,6
-35.26997,33.92283,3
5.7816525,-32.949696,4
50.324482,-14.354871,4
-32.17782,-10.067521,3
5.218993,-13.3572,0
-2.7879581,-9.774694,0
40.04865,15.491451,1
11.1072645,32.743908,5
-9.25805,-26.811308,2
-18.5211,21.151926,3
-12.297711,-32.82794,2
-4.622052,-16.334284,6
-8.45321,13.256159,0
56.116806,-23.188555,4
-47.02311,13.161955,3
-4.3653846,25.338354,5
31.739737,5.5101533,3
2.414738,7.7574916,0
10.847344,-10.474161,0
-27.321667,-20.785818,2
-44.186886,-0.08050302,0
12.962542,-1.7192981,0
8.599382,44.556416,5
19.726154,-11.330337,0
-10.099129,-7.8925114,5
-60.29823,20.301456,0
8.501866,44.661064,5
29.079641,-20.767424,4
2.441849,-30.81547,1
20.83959,9.49451,2
2.7806525,-40.922012,3
-35.344704,-29.248375,2
0.7799057,-40.933506,3
-40.639484,9.126826,3
19.331623,30.318472,5
-6.7218184,-6.380934,2
-10.369615,-10.072935,4
47.81034,9.246548,5
17.729591,-9.861872,0
-42.446312,10.242484,2
-16.24392,-10.247564,0
-25.526445,-33.15712,2
7.729246,-7.4823313,5
43.280865,-16.45159,3
-17.52848,-22.533949,2
-29.542086,-34.553314,2
56.26319,-16.511103,4
-41.54488,10.347075,2
48.687237,-38.137928,4
-8.591706,-34.565132,2
10.602039,-14.549152,0
-37.458134,-20.670107,2
7.4129624,-9.2371855,3
-0.7386829,21.89474,3
3.6485903,26.902393,0
-32.077946,36.507423,3
8.164766,-52.69899,0
-33.37196,-2.1623113,3
38.112633,-30.832188,0
-22.601416,-8.97064,6
10.143082,6.8760314,1
16.472267,-24.808672,4
-42.965775,7.5484285,3
20.313229,-46.593147,4
2.0737333,27.84167,0
-4.037298,-0.3112211,6
-3.1732402,21.810251,6
3.278408,-35.366055,4
-41.72381,-8.487079,3
42.24545,1.9809422,4
-21.553621,36.172012,4
20.99305,2.6990857,3
11.447545,-35.408478,3
38.7432,30.50439,4
-3.5164793,-10.542127,4
51.52946,-3.6901317,3
38.354504,-19.401434,4
35.217712,8.749207,3
38.252983,-8.385037,3
-31.555378,36.413475,3
15.630888,32.84376,5
-21.179543,22.91467,0
-16.056742,10.363041,3
-28.296743,-15.322342,2
-24.182575,-47.15766,2
30.971155,47.217007,4
-50.64165,20.615284,3
-24.394287,-47.26082,2
5.8959785,47.615524,5
-15.217434,-12.227369,4
-1.9890301,11.689401,5
-19.62823,34.907402,4
30.235855,-16.419893,4
-10.354021,-40.25242,2
9.38412,34.215446,5
-21.038187,30.177635,4
0.6312167,9.924287,0
33.00963,10.875,4
-51.090065,0.3241091,3
18.187624,-50.347527,3
28.434708,24.661936,4
49.464455,14.658974,4
5.0589128,-12.919888,0
8.594916,22.75512,5
4.9735537,26.099442,2
-4.1850014,-7.109806,3
-27.43519,-42.98227,2
-38.008522,-21.289106,2
33.2328,5.9489064,3
-5.7056937,6.0388174,5
-8.664692,-42.06521,2
17.360924,-19.620455,2
39.20212,-4.490783,2
22.659153,27.60549,5
-1.2289252,15.55359,3
27.284801,43.439903,4
18.883554,12.271819,1
-9.186266,6.1909523,6
1.0346247,-31.241884,1
-12.12652,28.962284,3
-34.979816,10.38535,3
-20.277353,8.478675,1
-37.854435,-0.9387787,3
-31.713108,7.4228497,3
59.578938,-18.376884,4
-5.7494626,-4.186281,0
10.688909,-8.52574,0
1.3451264,48.681946,5
23.34537,6.531961,3
27.169092,46.1256,0
-20.51758,6.544375,3
-41.378788,-28.016731,5
-36.34525,10.0344715,3
15.243838,-32.706425,3
-12.056633,-12.000696,6
-32.319454,-8.858829,2
46.474697,-31.142473,4
2.8073857,-0.91094285,6
-8.788703,-15.866055,0
8.903015,4.099245,0
-28.712069,-35.606342,2
6.34473,42.51886,4
-54.687622,-10.40408,3
56.426613,-28.663826,4
5.1993113,46.94632,4
14.220008,-6.3634195,0
-8.714648,-36.01155,2
1.5535207,5.6882987,2
12.336635,-10.234402,0
-16.580929,19.391924,4
11.136471,-6.016298,0
23.818089,17.387728,1
61.076195,11.572973,3
-37.435184,21.388083,3
-12.093197,-29.677637,2
-17.089764,-3.0582488,3
-48.298016,-5.378137,3
50.028156,11.557851,3
-3.9563303,-37.159985,2
17.858528,-45.973602,4
-10.50447,18.768694,0
33.70471,0.6869591,3
16.798218,-3.6019526,3
-24.539986,-12.486424,1
18.967865,-44.659515,3
21.954308,43.771507,5
46.973244,-11.518021,3
-8.978546,-13.020098,0
-12.937707,-37.095695,2
1.0734031,-28.816204,2
-19.899958,-39.13583,2
57.602238,22.279873,4
-6.2890306,-16.846884,5
-48.764397,12.148332,3
31.642656,17.470362,1
-38.643505,-38.66886,0
-26.014153,-47.850292,2
5.8758616,46.427105,5
-7.883119,5.997322,6
-57.157475,-0.16767408,3
-22.475624,36.335484,4
-23.663294,-1.6113933,3
8.086546,-44.238014,0
-1.4645106,-21.78303,5
7.6158752,-51.869793,0
-13.831363,-54.325924,6
-56.306057,16.844145,3
-50.013542,-1.1865573,3
10.677925,2.835309,0
-26.458998,-24.99948,2
0.38548195,18.108635,5
5.2084265,40.576363,5
-21.884258,-13.93763,2
30.224293,-38.15055,4
-11.594294,2.4000554,6
-6.6858373,30.390987,6
49.855183,40.199646,3
31.641293,17.359495,1
-13.858242,33.991978,4
23.310959,-31.597284,4
4.0059595,20.710632,5
-55.726284,12.608138,3
53.591255,19.020191,2
-43.304348,13.692645,3
30.344383,-47.98284,0
-60.3772,7.034982,3
-25.20776,-27.198055,2
-23.434551,13.413389,3
-6.639484,2.5498364,6
-16.287027,31.66694,4
-21.732817,-0.53786737,3
-20.672932,29.664318,4
5.704802,6.5081043,5
-40.15582,3.7459776,3
-57.799488,-8.007502,3
-39.057304,16.120346,3
-6.40494,-46.302288,2
62.916153,-13.360728,3
-41.380386,-5.504569,2
60.860973,13.711615,3
-19.17865,-40.288975,2
35.409283,-25.218288,4
11.953412,39.612938,5
-25.322624,-29.821028,2
13.348392,18.74958,1
-2.9684966,-24.026108,3
5.000277,5.1200466,6
-0.108933136,34.809082,5
19.4934,34.558704,5
-41.87927,-18.34084,3
33.281006,19.623985,4
-39.616444,32.120483,3
0.28214112,28.514414,1
43.32123,-23.551128,4
19.675411,41.436363,4
-31.640003,8.173046,0
44.371876,34.537994,4
-1.3331176,-1.8615384,6
-19.909838,-32.648735,2
-31.19584,6.674678,3
20.350306,-30.505486,3
-5.5642667,43.97608,4
-10.384804,4.3697805,6
50.740803,-23.035646,4
-6.3872075,-46.312664,2
-25.608576,3.5915473,1
-33.812786,19.86574,3
-33.62212,22.82031,3
-37.538673,26.167337,3
-22.74681,17.852541,3
-3.489496,55.70002,4
15.636107,-9.136369,0
12.1844,-7.2811613,0
-7.825872,-12.225577,0
34.561607,6.141759,3
27.713968,11.7907295,1
-23.811798,-14.038469,2
-34.703125,-30.942568,2
-0.30147487,45.30714,5
-34.425976,-0.79868007,3
-11.38699,-5.976017,5
-40.998753,-1.8211714,3
4.8399634,-21.255644,0
-27.501415,-33.95457,2
-24.88543,-40.787926,2
-28.671312,-26.713453,2
-34.27077,16.189257,3
31.016039,12.436474,1
46.457314,-21.800304,3
45.061737,-29.885384,3
28.165707,-34.69704,4
37.172943,-21.318722,4
-42.017387,10.816818,2
-39.691563,18.286818,3
-52.1236,16.70402,3
1.2363313,-35.861233,3
1.9253163,16.911564,0
-41.48242,-41.76658,3
-13.876747,-53.201126,6
19.014421,-8.348707,0
-2.94646,11.432415,6
-16.526796,-18.299717,3
-6.854236,19.747856,5
59.88929,-15.652913,4
-39.856472,23.919407,3
-24.381752,-21.945747,2
-10.913808,-27.57997,2
-34.944736,10.387201,3
-12.379634,37.768387,4
28.712862,-20.610456,3
-25.26815,-16.821133,2
38.709927,8.603833,3
-35.622963,-6.488844,3
19.170511,-9.439734,0
-16.023254,-35.282833,2
-6.658962,-21.198467,0
28.686295,22.121704,1
35.80916,-19.476244,4
0.8345962,-30.551659,1
42.33726,-19.79667,4
-19.115747,-6.116797,0
-44.38313,30.243639,3
-32.675297,10.081278,4
36.662655,24.700203,3
26.366436,-16.302305,3
37.80225,-18.708858,4
-17.490183,8.217847,3
28.262657,28.013807,3
19.4134,-4.0833,4
-3.6967092,49.679386,5
10.643452,53.94473,3
-38.521038,-5.8237996,3
46.856018,-6.7302465,0
-30.72016,8.664481,3
-4.783559,-16.617445,6
16.046204,42.500687,5
1.4430972,23.454124,5
5.3190956,-28.041563,2
-43.310673,4.9624176,3
9.871431,41.61268,5
-27.226799,-10.5499525,2
-8.795468,-26.805338,2
-4.32251,-43.199917,2
50.09957,12.258881,0
-10.101505,-37.151253,2
-6.2851987,-39.721786,2
13.912687,11.28661,5
-22.26818,-29.67908,2
-23.346586,-26.15359,2
-4.8587103,-17.89708,0
12.736022,4.338169,5
-45.71893,14.347387,3
23.248346,19.422386,1
-17.850382,31.971636,4
10.385301,-22.591747,0
9.144964,-32.793106,3
-27.621967,5.7671537,3
40.532745,-8.382582,4
-15.274688,35.274536,4
-51.77689,-7.683663,3
-48.11753,10.1277895,3
13.054057,-47.43948,3
-26.117235,-1.1421992,3
-17.027794,17.875914,3
-21.592789,12.327357,3
-13.990598,-5.423199,0
-12.857826,21.601421,3
39.018227,8.505922,5
-12.930851,35.794254,4
46.494186,-2.5904398,3
36.051514,38.631126,4
26.551842,-35.93731,4
-32.21592,0.6449696,3
30.522484,-0.80283344,3
-10.562554,-34.698387,2
41.59735,-10.352173,4
12.521026,-17.950453,0
6.1013923,-0.5224004,2
54.313198,-18.243034,4
4.526715,2.3736582,2
-34.001553,-8.601731,3
-8.259544,0.5331913,6
-51.502495,19.408947,3
7.854079,15.733711,6
0.97720635,15.639224,5
55.853924,9.127191,0
4.1107244,-14.874954,0
-58.04842,21.461185,3
45.455616,-8.583174,4
-18.171017,35.52254,4
-60.8396,-9.637893,0
12.566217,-29.250076,3
-20.768661,-9.287778,6
-50.439682,17.564955,3
-43.25903,-34.122704,4
2.1171842,-30.849838,1
9.406057,8.44371,1
-44.329876,-3.4574385,3
44.38346,-29.791636,3
-30.761925,12.181244,3
-44.15162,26.813513,3
31.889284,-18.52158,4
-40.019047,14.747848,3
-36.281643,-16.002424,3
-20.999521,26.193228,4
-55.429115,3.4536526,3
-55.3809,12.119441,3
5.733841,52.093777,3
15.483001,-39.030838,3
22.000633,38.325138,4
-29.70434,-25.230694,2
12.243887,27.879301,0
-7.885501,-9.635735,5
-41.596874,12.469017,3
41.998135,11.373358,3
-23.121794,30.5602,3
24.15553,-32.80856,4
-17.279146,-7.362769,0
40.190914,-38.916786,4
24.262146,-10.127552,4
-1.054357,45.320023,5
-30.965769,-28.815006,2
-10.744742,-12.645527,4
17.949984,-29.083443,3
16.607685,-8.219725,0
2.1501653,-50.91077,0
40.37295,-37.826904,3
-16.70589,-6.7892327,0
-22.27124,12.721977,3
8.6228485,49.644505,5
-21.23665,-25.96466,2
-50.03613,17.270279,3
9.294504,-44.063404,0
-32.66386,25.036133,3
1.8015945,-41.24607,3
32.06277,27.218475,5
62.793728,-8.740753,4
-19.040035,14.997912,3
-3.1208124,-15.631032,3
-44.888493,16.882343,3
13.756518,41.235992,5
-51.32646,7.5274634,3
49.965275,-24.011656,4
20.763962,7.467703,2
-8.317691,15.261484,0
52.007854,-16.965744,4
11.463555,-20.392115,0
6.3671117,-16.442707,1
-16.647846,29.308067,4
3.5875385,10.678929,1
-15.856301,27.622921,4
34.890102,14.684391,1
-6.693236,-6.4861846,2
20.91277,16.84242,1
11.421773,23.25054,3
-22.069098,-38.867783,2
-31.516657,-9.211555,2
-22.559668,-27.65693,2
20.657684,56.886314,3
1.4387442,-16.421028,0
-38.776154,-21.29094,4
-27.847387,-27.916037,2
-5.564155,-38.636196,2
27.654783,-14.431945,0
24.916153,37.546936,4
33.941143,17.049864,1
-30.603893,27.633512,3
-28.112467,9.02607,3
-20.130661,-33.29598,2
35.61357,38.479755,4
-4.615237,0.27006513,6
-32.877686,-6.942361,2
-15.023129,-55.882565,6
-44.58168,18.280642,3
-2.8039095,42.38704,5
7.1413193,45.827045,5
-29.749342,-39.51628,2
8.171072,25.451944,6
-19.310162,2.5288243,3
-15.606496,5.38851,0
-42.952198,-22.810558,2
-8.916255,-15.619243,0
25.345543,-7.1500134,3
19.485361,-43.725697,3
19.742136,-46.3283,3
-18.505331,0.9336863,4
8.981395,34.467957,5
21.265053,11.450086,1
5.743818,10.566683,5
11.786052,34.78797,5
2.306868,40.483852,5
-34.337734,25.995321,5
-52.17295,24.32669,3
-33.79682,11.824505,3
1.8016479,7.9128494,0
2.370294,8.919102,0
-45.382748,24.600979,2
2.9882283,29.672405,5
-47.44376,-1.3660523,3
53.55029,-10.546936,3
38.79035,28.538515,1
57.585453,-15.613207,4
-13.762567,-5.538052,0
33.42176,19.780216,4
36.859592,21.606394,1
-2.0525727,-18.560198,0
22.048595,30.720247,2
-32.578915,16.48553,3
-27.737919,2.2693312,3
50.417126,-7.26402,4
3.4596863,1.5780729,0
16.473335,14.106332,1
-32.19683,-35.190624,2
59.071613,-17.619026,4
-9.436869,42.830605,4
24.01886,-29.758905,4
0.110632256,-56.48427,2
25.398397,31.970259,2
21.068474,-49.83055,3
-11.730724,10.90662,3
10.954605,-30.431847,3
-3.0572784,-50.608047,2
47.3729,12.219896,6
-18.30569,-28.681639,2
-40.183983,15.356294,3
-61.180813,20.061798,0
32.67089,-21.306646,3
-15.38106,0.016378174,0
-33.387794,8.927103,3
6.122468,5.8299985,5
-23.84634,12.78032,3
-19.399878,-6.210253,0
13.426925,-24.21076,3
3.3239777,43.601677,5
-55.232693,-25.355755,5
41.001904,19.933052,0
-12.468532,-29.33392,2
40.93722,-5.545523,4
33.666206,23.95256,3
-25.982267,15.419392,0
10.981075,11.018152,2
53.26733,-16.690807,4
49.26142,11.348182,4
-16.863073,-54.398476,6
10.604926,50.0377,5
-24.924095,-26.894018,2
18.56164,-35.613106,3
50.57529,3.1899946,4
-57.575794,-4.1051035,3
15.256391,-38.41587,3
18.0385,3.5277805,2
15.916352,15.563717,1
-10.234754,33.132843,1
-44.718117,11.581827,4
-59.22769,2.8941748,3
-31.372564,22.494246,1
5.772774,23.49973,2
-28.06081,-24.729029,2
25.41974,12.167241,1
4.9874806,-1.5487958,2
27.44807,14.145462,1
-5.8183393,-33.6532,2
41.670925,-23.79899,4
44.09066,-29.03487,3
55.456253,-17.586632,4
19.833136,19.602053,1
-0.4725237,-11.077816,0
57.939003,-11.995953,4
34.815174,-16.910225,4
-15.073706,-37.77448,2
22.240946,-1.9960207,2
54.617035,0.88823426,4
51.025547,4.0240197,4
-18.414522,0.8146498,4
15.280384,29.93532,5
-6.423589,-10.878091,0
6.0936885,39.429836,5
-5.593961,19.531628,3
-44.177177,26.76475,3
-40.943115,-1.3573735,3
-14.899654,12.841865,3
-3.3962374,-20.334368,3
2.2823029,-14.654414,0
8.511822,47.819,5
-28.23269,3.842981,3
47.08758,-1.9590905,3
5.018688,-20.914577,0
-47.73644,24.416574,2
-28.1996,-21.116287,2
-33.37233,-16.812185,2
16.550646,8.072043,1
-25.593416,-28.344992,2
-2.5944927,1.990804,0
14.630411,-23.685251,4
-8.5073805,-34.39236,2
4.2282443,-10.7545185,6
2.458521,-2.9152431,3
12.421193,-34.65884,3
13.848443,21.971172,6
-24.619627,-39.77198,2
2.559457,-6.9781265,0
-37.556496,-6.530155,3
-35.96596,-4.061521,3
4.776211,32.907104,0
-49.430363,-7.3503656,3
-51.232185,1.4680783,3
-50.907257,-15.505167,3
17.57962,-41.15179,3
41.688637,6.8270698,3
20.195513,-9.813632,0
-32.138824,17.348215,3
-3.8185112,29.221643,1
41.13967,45.02569,2
-31.095005,-26.123714,2
-19.783392,34.90596,4
-6.7490463,-32.317257,2
-13.1983,-0.55971855,5
-12.63505,-48.379215,3
8.253177,13.684748,5
15.365536,37.04411,5
7.2566895,30.354166,5
10.071555,43.507664,5
-57.961224,-8.260773,3
-56.90528,-5.3701134,3
-20.928053,-38.449535,2
-21.389614,31.743093,4
23.591278,-20.498165,3
52.837345,-15.575161,4
-40.308426,21.102179,3
51.52596,3.3720992,4
-48.82813,-3.7229238,3
-5.0767565,15.292388,5
-39.488525,16.753696,3
-37.25526,15.26127,3
-15.392473,-50.8638,6
-15.135057,-51.61642,6
31.273996,-23.926445,3
-11.956486,13.415837,0
-54.5092,-0.08200467,3
1.3694205,30.496492,0
-4.272197,11.3073015,6
-16.609322,2.9586718,3
16.407457,19.171967,1
29.529173,-29.485226,4
13.737527,14.1693125,1
-6.8742595,19.622438,5
-23.206835,-19.972748,2
4.5448394,10.121877,3
-17.098576,-3.814741,0
40.975933,-3.6578233,4
0.9270997,21.46785,4
-33.825954,4.803773,3
-43.452713,-22.521664,2
28.024227,8.373518,1
-31.271645,14.673414,3
-39.2308,13.969734,3
62.18502,-2.0700812,4
48.67489,-38.125965,4
10.944903,20.765764,6
14.562181,4.769079,0
16.75656,27.603048,5
-46.46471,-17.346735,5
-52.800858,14.60803,3
-59.25313,-6.733256,3
3.9254258,17.433449,0
-30.1471,-8.073236,2
-13.455426,2.8407927,6
14.856075,52.540813,5
-10.695286,-30.103178,2
-8.700017,3.0146585,6
16.947487,-47.43616,3
-9.912495,28.139154,3
-30.928196,4.565121,3
51.41232,-19.008644,4
-10.583822,-44.667038,1
-1.3951012,26.996479,5
41.648697,38.75957,4
-1.7373042,5.689928,6
19.685833,5.652211,3
-9.386399,4.107267,6
-28.073557,-7.9037895,2
2.8004618,-8.839186,0
-51.382126,-20.79767,5
10.875074,-19.323483,0
6.4366407,-0.90704376,5
43.42058,25.4771,2
39.453327,-9.789964,4
39.891876,-8.869366,4
15.945555,52.6641,4
-39.224564,12.705757,3
-9.855421,-36.16669,2
-10.92071,-38.477432,2
24.940859,-24.020758,4
-46.629593,12.2305155,3
-3.648276,3.6799946,6
16.294195,-10.230411,0
-12.795354,-37.084915,2
56.063522,-26.514616,4
29.579962,32.449867,0
14.392811,24.45363,3
48.42916,-9.224039,3
-7.7121677,-2.0662057,5
7.451987,-11.89397,0
-11.39773,-2.9405515,6
13.080272,-12.504726,0
-12.680273,-41.485138,2
63.918583,4.968266,6
-43.666023,15.246644,3
-43.28517,-34.149345,4
-6.6640587,0.44777873,6
17.062178,-26.749285,3
18.388191,26.433561,5
-47.110718,9.458142,3
-17.768774,33.999004,4
22.605732,8.08232,2
12.516105,37.25315,5
12.57765,37.147182,5
0.28945002,-14.80728,0
0.7197253,-0.6966429,3
-22.907423,-14.504305,2
15.917173,-47.1451,3
5.3721876,50.926994,5
9.769662,30.072626,5
8.32342,-10.280025,0
-14.157839,30.087452,4
30.426746,-23.301142,4
-21.619339,4.6971908,4
-9.797001,-1.9684181,6
-11.431833,-2.497164,6
37.799736,-16.641808,4
54.492943,12.644738,3
14.863199,-17.424767,3
-15.352047,25.579647,4
-43.069626,11.87583,2
-17.796535,-37.00962,2
20.06686,-26.014341,4
23.379166,48.040718,4
-34.073845,-43.711086,2
-27.264153,-32.392483,2
-28.278131,13.47427,3
-6.106009,-26.675108,2
42.48249,-27.627266,3
-19.078976,-11.106387,0
40.83666,-3.7834692,5
34.064587,-43.6425,4
-49.72594,0.20938048,3
-34.220192,31.153881,3
-50.38734,-5.324742,3
31.850822,26.201614,5
19.940807,23.52327,3
36.938614,0.9955993,4
-19.764435,38.05671,2
-52.743492,4.047907,3
-51.920353,4.035938,3
-34.15352,3.9413729,3
27.039345,9.142489,1
57.173954,-26.34936,4
-24.955383,16.166515,3
41.98026,-8.754003,4
-15.492674,27.253002,4
51.08153,5.8176546,3
-23.549824,27.269934,4
20.996649,38.338516,5
-44.6996,6.9665046,3
49.525375,24.787788,3
43.628235,-30.779175,3
23.807,10.439389,1
-9.251368,25.488503,3
51.488056,11.674543,4
40.481586,-36.516052,3
-6.2616014,14.105301,3
-11.215465,6.5871515,6
50.585186,4.9170995,3
-23.375977,-35.090195,2
8.391162,-13.4678545,0
55.92512,2.7867544,0
42.793213,-13.49848,3
5.565792,34.24571,5
-29.916143,-32.525837,2
45.02777,-15.710038,3
-34.038902,1.822764,3
-2.352901,-9.6730385,4
-36.644745,-38.89255,0
0.84823155,3.942908,6
-57.95352,8.111576,3
5.993247,33.70514,5
-28.316448,5.8312573,3
-24.788937,-23.788158,2
-16.544842,25.914835,4
-5.8121257,32.45502,6
-14.380444,-21.231535,2
-5.75303,44.686115,4
7.3032436,7.5831404,6
-42.51614,37.139713,2
-6.4360867,-1.1198827,6
-27.158747,18.54417,3
-22.519333,-25.89779,2
-20.84143,50.894733,1
-45.547134,-36.085506,4
-22.4988,-34.280228,2
25.294739,-30.709986,4
-9.710002,-20.47925,5
-1.3331715,-1.8616029,6
29.261848,-6.815347,3
-20.635782,16.235834,3
2.678812,18.721697,3
17.446732,3.8241086,2
13.749857,41.526825,5
-19.301449,-2.8642628,6
-34.739124,9.075711,3
-33.871716,14.062773,3
-14.912483,-53.98947,6
27.131784,20.3786,1
-13.132426,-28.876001,2
-0.11773512,18.648487,0
-33.60238,-2.328383,3
-14.987754,-37.70185,2
-16.47121,37.981335,4
15.556034,0.0851395,3
3.2806423,4.113328,5
-34.32154,18.08646,2
44.792355,-13.944417,3
22.442997,-9.336198,0
-47.69272,24.095346,2
32.81026,-26.953627,0
27.072714,-40.59078,4
-2.074775,-28.388666,4
-26.533232,-19.241322,2
-21.370937,-6.1276946,0
53.396057,-15.14288,4
-2.7574222,-4.459894,0
13.882529,-19.466635,0
-4.2626166,-2.4194572,6
-1.8473865,-6.9479213,0
6.962929,4.206239,0
24.458723,-0.648759,2
-18.864065,1.7283235,4
-6.8999457,55.386185,4
57.96774,-2.7004502,4
41.277824,-20.218046,4
54.802975,-22.118986,4
-18.052599,33.758453,4
4.6339025,-45.852604,0
23.578377,-20.666773,0
12.53433,40.30351,5
13.804818,40.41963,5
15.32118,22.290974,6
0.22559813,6.924695,0
-37.535183,-6.1994705,3
14.886902,-47.056786,3
11.249043,45.304775,5
44.507618,28.930656,5
53.315224,-13.132521,4
-24.882992,1.9584521,2
-23.862823,3.4106917,1
39.01363,-2.673838,3
14.603424,48.98215,5
-12.780516,-23.758253,2
-27.023424,10.365654,1
19.95319,21.769007,1
1.5929124,35.60148,5
-57.980236,-4.0463386,3
-0.14413717,49.13833,5
-29.80771,35.977253,0
-27.528784,-5.5061083,2
-9.177247,21.60942,3
40.315987,-17.157888,4
23.36949,12.479893,1
39.65781,10.373458,1
-22.572426,-22.988716,2
-53.235897,19.958046,3
48.250973,4.5041823,1
-7.445736,-29.81839,2
-18.352566,-14.065124,2
-40.89233,12.903022,3
-20.833416,-14.660722,2
55.005424,-0.5085587,4
-5.9410715,16.92379,3
10.941674,14.440793,1
-6.2186723,35.828556,1
-47.36505,-5.0945225,3
30.168737,1.3454869,3
40.445152,-0.16294557,3
16.511442,-21.167007,3
3.1305246,-17.082144,3
41.321114,6.175525,5
8.874941,38.39091,5
6.1987367,-22.579964,0
-56.91101,2.7774732,3
-46.37282,15.762032,3
-16.471933,-8.212582,0
-8.321929,-23.221182,1
57.60862,22.292564,4
-27.226793,-10.549883,2
-12.879765,-6.9153457,6
13.546853,-16.505297,0
-26.140242,-14.62112,2
13.952116,-44.165077,3
-36.82073,1.2232602,3
-7.325004,-1.5841299,6
-10.812463,-54.468964,6
-12.233352,-9.29369,5
-47.771877,16.390825,3
-28.963655,-23.145985,2
36.21343,-29.209642,3
-43.26836,14.283885,3
-21.549198,-31.995531,2
-12.238802,21.854126,3
-14.996084,-43.104523,2
4.153831,-8.264629,0
15.170222,6.828866,3
-26.252115,-23.226015,2
-28.266298,13.469392,3
-27.8987,-43.463306,2
15.17033,-47.065464,3
33.952354,-23.44736,3
9.6998415,-27.439583,1
28.462404,4.101213,2
35.018665,-24.953926,3
-21.749971,-22.11308,2
-60.297455,-7.6131454,3
-36.523705,-2.0425315,3
-46.56604,2.720639,3
12.7719345,-1.2193083,6
-4.224719,5.5218363,2
-18.191235,27.981983,4
41.64928,5.3253584,5
-37.443207,-26.139936,1
45.21499,-2.894293,3
5.1086907,23.060541,3
20.155502,3.4605286,1
32.364822,15.682545,1
0.391594,-8.268999,2
26.11247,-21.019526,4
17.652842,4.631078,2
11.340717,-14.412624,0
-29.606346,-32.083607,2
6.310449,39.32825,5
17.308954,-8.88493,0
-29.674002,-39.784866,2
-28.05746,15.758658,3
41.571785,-8.145229,4
14.116375,-26.331459,4
-53.661488,-6.9048223,3
48.619637,12.225375,0
0.36247888,-32.30545,1
57.0771,-20.372766,4
15.420965,21.264542,1
-21.011929,16.06195,3
-33.2328,-24.7401,2
54.292236,-17.065865,4
8.360635,-18.0843,0
1.7142957,22.139174,3
-21.844494,-26.784037,2
35.661034,12.651624,6
24.602169,32.057724,2
22.995949,-4.850774,4
-0.7092017,45.44529,5
15.7457285,18.037767,1
-13.794918,-10.010021,0
41.717857,38.67815,4
-41.17068,22.540716,3
-9.314319,4.9867635,0
-8.313541,-23.209095,1
39.946568,10.909827,3
4.6825185,0.7900397,0
-29.10111,-31.3421,2
2.6330004,2.748155,6
0.18423657,-6.012711,5
-51.350227,13.450588,3
38.66211,-38.0109,3
13.449481,-33.943848,3
-54.8426,-0.6689116,3
2.8170311,-17.489063,3
25.18089,-12.62365,4
-7.293477,-5.5579004,2
30.8786,-28.486664,0
27.99077,8.361928,1
-46.195656,7.360489,4
6.8760376,-25.852634,0
-9.784334,-18.517017,3
-11.894514,9.133012,6
-8.021115,-0.7286773,6
38.85102,-27.079866,6
-0.45757562,-45.383717,5
-29.51137,21.355791,3
-59.991238,3.439417,3
16.945473,-13.901173,0
10.202496,-0.9032916,3
12.952552,10.273666,0
3.982225,6.502861,6
13.97167,-36.633816,3
24.628384,1.7677879,2
56.952045,-23.153164,4
-18.077135,-19.419819,2
34.060333,-43.62409,4
27.335167,-6.7312818,2
9.497417,19.491295,5
-40.342964,11.071837,3
44.436935,-15.972812,3
18.638048,-11.061843,0
-24.249743,1.3373061,2
12.526792,-5.2007585,0
27.277206,-27.308392,0
40.462585,-35.154457,3
-12.498149,-53.322823,6
25.328249,4.922929,1
51.052372,9.931081,5
8.572308,-2.0873551,3
39.480263,4.2173247,4
40.75334,-27.805843,4
10.79454,-2.9677572,3
5.8461447,-5.7054024,1
-47.642918,25.258928,2
7.7240334,42.41336,5
41.615883,7.090271,3
-13.699368,10.134245,2
6.333074,23.739248,2
-23.945997,-30.421097,2
-15.181073,-30.871681,2
-2.1658726,-12.880387,0
20.64006,-3.5258474,2
38.58293,24.070904,2
21.47604,30.59978,2
-29.954254,-13.079125,2
-28.932142,-20.092966,2
-22.267063,-29.682867,2
-22.266422,-29.677647,2
-29.22793,-28.455454,2
16.633373,4.0052776,2
-29.450481,-5.17205,2
-21.091595,-17.218143,2
-50.855152,-1.6207889,2
-26.048784,-4.884788,2
-19.983292,-21.810991,2
34.464935,4.308742,3
0.12310845,-8.462954,2
-30.612469,-29.914024,2
-36.38788,-20.945494,2
-13.376568,-20.703829,2
0.20514582,-30.2253,2
40.138588,45.088413,2
4.8416266,16.447638,1
-32.16916,-33.549564,2
-31.952475,-32.106247,2
-33.485165,-29.469805,2
-19.807455,-22.952578,2
-2.4881773,-34.261894,2
-9.7456455,-7.756132,3
-16.23558,-32.002987,2
-37.46305,-26.126822,2
-25.136719,-26.852867,2
22.10916,5.122144,2
-25.284298,-20.946434,2
-24.720682,-25.701797,2
-26.403873,-22.764471,2
-15.443987,-30.9307,2
-23.84405,-29.464987,2
-30.998894,-18.179022,2
-20.263216,-27.745735,2
-23.201643,-19.973106,2
-19.731203,-29.98327,2
-19.4279,-25.925125,2
-27.995548,-41.739914,2
-15.697024,-24.739927,2
-20.666456,-35.68162,2
-4.530638,-19.649445,2
42.990467,33.85357,2
-15.943468,-23.53794,2
-16.9935,-25.095392,2
-31.996227,-34.025753,2
12.464894,32.992188,5
-23.424686,-28.00956,2
-33.540447,-28.205921,2
23.32631,22.652864,1
49.998917,30.122458,1
18.32251,13.303049,1
18.92488,19.32406,1
30.154634,10.870278,1
26.271187,18.381222,1
21.48809,17.91782,1
32.92561,19.425808,4
27.320482,18.181295,1
11.209043,8.4855585,1
29.502592,19.236706,1
25.94983,16.059275,1
16.67223,19.576714,1
20.183718,18.161263,1
15.234063,20.16706,1
-23.090483,7.620591,1
23.372284,22.66725,1
37.555496,23.45785,1
22.209314,45.011013,4
31.473448,19.414194,1
18.40665,12.20991,1
25.84973,5.3184056,1
23.529112,17.262398,1
8.8657,-20.563395,1
18.376938,14.6069145,1
-31.165619,19.960516,3
24.166576,38.25285,4
20.778479,45.755047,4
30.923586,46.5229,4
29.103775,51.266724,4
25.437897,18.515474,1
-24.773458,3.9146917,1
-28.381739,17.732061,3
9.574402,6.2294874,1
1.5781562,0.75396395,0
-25.259098,3.708646,3
-4.778017,8.942931,0
-13.937521,-34.51937,2
20.828896,22.922495,1
42.49499,8.692873,3
14.071303,-37.212925,3
-22.755123,15.490524,3
-17.206629,15.623162,3
-13.900815,24.08645,3
-25.106712,13.59483,3
38.91801,-5.118664,3
31.884579,-13.78159,3
-14.305825,-2.4486547,3
-57.20682,-0.015866173,3
19.079306,0.71399575,3
-38.127926,3.213852,3
46.197838,-2.787085,3
-26.619858,25.21819,3
-19.417974,17.713871,3
-30.167074,-3.0037951,3
-25.067593,13.573994,3
-32.469986,25.167868,3
17.818592,44.96258,5
17.319977,36.138294,5
34.04878,24.156574,5
31.56592,23.242174,5
1.9068503,34.132282,5
-10.0773325,10.145509,5
2.570645,58.919144,2
-56.73779,13.903252,2
33.91203,-1.5393928,2
-25.072313,-47.594017,2
26.104046,1.1939877,1
-14.786639,-54.75629,6
-18.606966,-55.09018,6
4.7744474,11.6720915,3
-15.032067,0.820987,0
4.5571346,9.777075,0
-16.847553,-5.7913527,5
9.627354,-17.857641,0
2.6604142,32.66125,5
8.415484,-18.072525,0
-20.597996,-1.4056288,3
-8.810488,17.065447,5
54.492634,-9.601661,3
-8.080919,-14.454528,0
-12.890395,-10.485771,0
-5.534442,1.023685,6
-4.5177746,-5.9573035,0
-19.538752,-4.8792777,6
-21.404995,9.3754425,3
-33.6126,10.44164,3
-20.184334,19.922785,1
-46.5993,-14.743184,3
37.97457,17.697277,1
26.057404,26.301928,3
44.316986,14.356702,3
-46.68102,0.57973135,3
-21.38511,14.576813,3
-51.40633,5.886039,3
-44.58303,16.913935,3
-45.670597,9.680021,3
67.804405,-1.9176321,3
-24.837109,-1.7359122,3
-46.386105,18.754671,3
55.26678,-8.396414,3
-46.591972,-8.963222,3
23.695269,-48.0021,3
7.717058,-39.01145,3
-1.6068947,24.082232,3
52.139736,-10.316862,3
-32.606716,18.899248,3
-32.00566,13.389573,3
-46.57251,-8.895893,3
-39.76932,-0.57907194,3
21.451622,2.1047363,3
-4.3773603,39.22928,5
5.443554,1.1191086,5
46.317795,8.975921,5
11.155595,52.074085,5
29.252676,-2.0692947,5
-10.126713,50.24781,5
12.205125,49.22552,5
12.346621,49.24734,5
-38.089336,-19.068401,2
-36.992622,-12.200523,2
-36.99643,-12.258706,2
31.84674,-30.878359,4
29.850079,-32.100006,4
32.5562,-29.693687,4
30.971678,-28.338,0
-0.9110881,-25.977613,3
-24.666641,8.380563,3
-18.290583,-13.885637,2
13.457708,45.742786,5
10.193883,18.771296,5
3.9708116,3.369285,5
-0.70831335,37.45877,5
-7.893437,5.9807577,6
7.1110163,44.452805,5
2.0527315,33.983505,5
15.631478,32.748775,5
8.091499,41.675446,5
6.618617,1.8595115,0
26.79706,-21.968903,4
8.33965,-52.952522,4
-12.3582735,-16.044752,4
1.6318687,-10.543478,0
5.1545615,31.451132,0
-5.599307,23.70768,5
4.571491,-41.690422,0
-19.86668,38.996708,0
-0.96202487,3.8035843,6
-0.887071,-3.4653704,6
19.108442,-13.189248,6
-3.2116606,5.836548,6
13.975744,5.7261767,6
-3.431984,-0.9778519,6
5.3348675,18.94867,0
4.0980415,8.252372,0
-17.330158,13.010223,0
55.96421,2.8116772,0
-29.813995,1.1776495,3
9.213189,-6.105031,0
2.9774415,0.45135647,0
0.54241365,-18.89754,0
-26.392157,-0.25862783,3
6.088516,-9.677741,3
7.128915,7.8863773,0
-56.42719,-7.24316,3
18.710466,-48.777145,3
18.477306,-50.209396,3
1.560305,-21.094269,3
17.78165,-45.059067,3
17.283775,-48.149437,3
-12.887829,-18.366274,3
-12.31269,-18.658012,3
21.948997,-43.22691,3
19.789263,-46.480705,3
18.066061,-42.42352,3
2.4635324,-21.480978,3
1.3601768,-19.790493,3
-40.662235,0.8422437,3
-50.100334,7.4588785,3
-41.126347,7.7648954,3
-40.328938,1.5947092,3
-57.97303,0.97211,3
42.42484,7.101727,3
-40.752674,0.9457769,3
30.283367,-10.805955,3
29.764696,-10.623437,3
8.674913,49.611813,5
13.290749,55.850475,5
3.5954986,43.623245,5
7.131202,29.176996,5
-12.323498,49.357037,3
10.303655,52.816174,5
3.7277315,45.202217,5
3.633667,41.763237,5
21.198322,34.214603,5
-3.7069948,49.68438,5
30.234331,29.223448,5
-17.352716,40.570087,4
35.837112,-28.599802,4
52.48472,-0.5038509,4
7.783762,-7.3372607,4
50.59324,5.439321,4
33.49033,-13.362706,4
38.940475,3.297532,4
54.206444,-1.4072051,4
8.46666,2.3328652,6
-8.149979,-3.7654493,6
14.727281,43.42269,5
-4.665403,11.893912,6
2.731863,26.375288,6
-23.22041,-3.9593122,3
4.7286415,34.918804,5
-13.90342,-9.0669985,5
17.065739,-1.6265452,5
-2.04497,-7.76793,0
19.438416,41.92594,5
-4.091438,29.044533,0
2.3378177,-25.529966,4
15.105501,10.365082,4
-40.126114,23.455603,3
-43.046963,7.555301,3
-18.589598,13.510415,3
-23.4984,-37.08393,2
-39.09673,10.853916,2
10.879383,1.3391877,1
-53.982357,-20.020893,3
-39.26475,12.318725,3
-41.17526,5.9280763,3
1.8021601,-41.245964,3
-38.003376,15.0644655,3
-30.391,14.473354,3
18.961004,6.4278917,5
-52.17004,24.322454,3
-29.390984,10.056412,3
-25.82588,29.01809,4
-25.923988,28.840057,4
7.5186186,0.79023767,3
-22.981722,11.795866,3
-38.338303,32.723915,3
-30.16136,-0.5266905,3
-28.572487,20.202307,3
-35.899887,-4.9391046,3
-2.6304586,8.43554,3
-2.578981,18.826853,0
-39.219467,-3.6767807,3
-39.41519,-10.111254,3
54.550934,-37.257774,6
-10.715689,-16.81859,3
-8.003401,-11.145441,6
-3.1568546,17.422222,0
-10.896145,-7.0764756,5
-16.145742,-12.356152,0
-18.38884,-8.52708,0
-4.3805547,-11.616592,4
11.690703,-21.084291,0
4.7292747,14.397853,6
-0.9170289,0.94275934,5
-4.88721,-8.83196,5
-17.267263,-7.681025,0
-25.829866,10.131784,1
-14.117042,-3.2433927,3
-10.273507,-45.11792,3
8.756393,28.1198,5
-6.9588747,28.02177,6
8.2008095,27.003788,5
-38.07482,9.126677,3
21.118484,-41.847137,3
32.447292,-31.433401,4
-44.049286,4.9288883,3
-25.110115,6.1646943,3
37.61878,-8.191048,3
53.492348,-0.27856675,3
-42.651447,2.352192,3
45.172554,-12.834076,4
42.393032,-26.177883,3
33.150223,-32.064598,3
-18.231869,30.249544,4
-60.3508,11.711919,3
-32.465252,11.226829,1
18.199148,16.274906,1
-4.6924596,26.47549,0
-37.756275,11.982738,1
9.662508,-11.636823,0
8.770504,17.636242,6
-3.0651362,13.591105,0
-4.8212504,-18.227901,0
-60.52495,-9.148246,0
12.996988,-8.874901,0
16.938087,-15.130314,0
16.405207,-11.692567,0
13.603928,-2.8345933,0
45.69442,27.8509,5
6.439631,-25.639648,0
9.7396965,46.85402,5
4.714103,37.749645,5
16.085972,47.83315,5
-37.35783,15.839886,3
-36.98989,8.543726,3
-61.344185,8.416557,3
-53.801636,0.81203806,3
-60.37618,6.9897246,3
-12.16999,13.376417,0
-8.018471,11.055421,0
-8.012093,11.052321,0
-18.293192,-13.232549,2
3.6962242,-7.2153335,0
11.245376,-16.72051,0
10.883392,-8.68677,0
22.232199,-16.860252,3
28.262642,28.01376,3
22.75012,-13.512589,3
-6.22713,35.789536,3
-27.261389,10.72512,1
17.043793,19.959146,1
29.518158,17.677366,1
50.473087,10.555149,1
25.19666,1.7131714,2
29.875868,15.488873,1
30.298353,16.6014,1
25.710392,14.486294,1
17.946024,17.233934,1
3.4669178,-12.17093,1
2.2293544,-12.803542,0
19.74592,11.041555,1
9.288182,11.913016,3
16.874302,1.8176326,1
46.484764,12.126223,1
30.58567,6.878957,1
29.02174,20.574743,1
-23.204885,8.118596,1
20.931793,7.2784452,0
13.391821,25.252308,0
-2.069822,-6.5473847,0
-5.617988,5.812427,5
-5.5267878,5.3679724,5
-6.851973,19.741693,5
-6.8749237,19.621552,5
-31.515549,2.877846,3
6.484886,-4.1134686,5
26.157854,20.926064,1
16.40337,7.3161745,1
15.549024,0.09693393,3
-14.416121,-14.265093,6
-3.7821102,21.36855,6
22.356192,4.7996798,5
2.9875972,21.175287,6
-15.228336,-21.187798,2
4.7430334,-46.17522,3
-14.479477,7.671159,3
-15.003127,-7.896627,0
-43.635754,21.13609,3
-33.356632,-2.1557145,3
44.69256,-10.405192,3
41.02584,15.036426,4
39.55679,-20.511366,4
-26.697096,27.98618,4
-24.290092,37.203556,4
41.759075,-39.039124,3
40.513508,-37.41976,3
41.94908,-39.108543,3
39.34921,-38.215748,4
30.683607,-13.050838,3
38.441277,-37.33787,3
50.48236,-25.406242,4
-12.008441,18.595877,0
4.806464,23.49987,6
13.379313,-11.338729,0
-21.847462,-8.906963,6
-3.6999903,7.394474,6
-0.7724929,-13.564974,0
-6.158293,10.466211,0
7.870115,11.314995,3
-54.08684,-5.5545974,3
-56.99135,-4.870634,3
-52.358818,-5.6484466,3
-52.059444,-5.176989,3
34.448593,-5.17261,1
28.858711,20.918114,1
13.50045,16.474157,1
14.314073,-33.353672,3
9.536214,-33.99019,3
16.676609,-34.015827,3
17.49846,-32.11764,3
44.448517,28.978153,5
11.312328,12.573924,6
-25.603626,6.7842155,3
-9.978652,-9.6277275,4
-13.756172,-7.32997,6
-1.3284967,10.319857,0
-15.786937,-10.161336,0
-10.968381,-56.56724,6
-16.062386,-53.618237,6
46.836887,-27.347654,6
-16.305809,-48.158962,6
-15.103792,-51.672745,6
-26.39184,8.785781,3
-29.727198,-0.037254795,3
-7.381276,4.0487833,6
0.025770469,11.121072,6
-8.104384,39.01098,5
2.0288572,13.950302,2
-25.816973,-6.5708714,1
-22.577173,44.191544,2
-0.5398957,-12.945703,1
-17.368267,-10.139795,0
8.417072,-13.991814,0
14.655201,29.11275,6
1.4623566,13.570221,6
16.184774,10.562341,2
43.79673,-30.418808,3
4.452132,1.7831665,3
-10.926073,-12.227073,5
-8.332115,15.281316,0
11.364447,-12.943232,0
22.234415,-12.909857,0
13.330242,-22.79399,0
-11.671274,4.360909,0
12.346751,41.87569,5
13.486907,41.851475,5
13.989055,6.6755033,0
62.610275,-7.83217,3
-12.820936,16.234055,5
-0.36894682,-16.79132,0
8.89165,16.73034,6
-46.78132,-14.215008,3
-12.86258,-55.53344,6
51.04374,5.306365,0
12.950286,2.4199576,0
-1.8829895,10.268797,0
17.076342,-8.8161745,0
15.932467,-10.158707,0
-8.257496,22.823181,0
4.9411697,-20.936642,0
6.223774,-19.498909,0
0.6552808,-22.144545,0
19.31132,-11.349642,0
6.1728044,-18.770731,0
30.122166,-10.960376,3
-43.310673,4.962323,3
51.573788,-0.31799906,3
-34.436718,15.743674,3
12.417229,19.437944,1
23.99261,-7.7386036,6
17.672285,21.641659,1
-23.531038,-24.3796,0
-30.832647,29.22912,3
48.5467,11.021882,3
-44.64632,0.78854144,3
-27.636072,2.1028445,3
-30.83775,29.322622,3
-4.0444007,2.0312927,6
16.459824,-5.7574806,1
9.920066,-8.120492,0
-23.702425,-38.89667,2
-24.616879,-39.779278,2
-26.152752,-56.049797,4
33.695568,28.474102,4
-4.804216,32.453888,4
3.848927,-27.367512,4
4.545307,27.571697,4
9.074867,-4.1246953,5
63.903576,4.895408,6
-33.60672,7.430317,3
-3.2520766,-23.586613,3
61.596905,10.130279,0
13.925022,-14.518535,0
17.901669,-38.89219,0
16.994411,-21.44045,0
3.976203,56.333355,5
47.68744,-18.595491,4
47.6929,-18.539473,4
33.965096,-12.850745,4
54.359318,-15.703171,4
48.869698,18.264013,4
-29.774866,17.379122,3
-36.508743,28.788433,3
-33.857033,14.348452,3
-34.555256,15.056672,3
39.929382,-47.24268,3
-51.125206,17.311035,0
-30.69567,16.689934,3
57.17824,-16.338785,4
50.453484,-25.330404,4
57.792217,-12.500076,4
36.80202,16.054556,1
36.60405,16.610739,1
40.772892,-34.168728,3
14.048533,26.954165,1
15.4741535,-29.398373,1
-4.3640304,39.232162,5
17.207518,10.866423,1
12.637992,-34.234047,3
-17.01555,27.72758,4
-13.68798,29.262983,4
-4.0198507,-11.049199,4
-14.526884,24.91005,4
38.481617,-25.004221,4
26.141628,40.60156,4
21.87145,-19.248495,4
-0.19536394,12.96453,0
11.035413,-47.73032,0
38.063858,-15.789372,0
5.860668,43.493465,5
5.5921407,48.84533,5
9.907853,43.52916,5
-1.4107615,8.080958,5
49.269173,10.07777,5
-4.2564063,-5.6024146,0
32.052197,26.933348,5
-20.151648,-1.6060073,3
29.612518,32.465816,0
-44.400013,30.71759,6
-29.475368,7.334682,2
-5.7358274,-4.1962495,0
25.241362,-19.511806,5
-46.299175,-16.133194,3
-38.460953,5.2561784,3
15.764999,8.617085,5
13.202603,43.346577,5
14.813066,48.929504,5
7.7500653,36.123108,5
-5.5937834,25.062634,5
30.888485,44.32837,4
7.107615,-36.080765,4
37.806553,-13.567631,0
23.194052,-27.56099,4
-10.639648,12.307729,0
-19.724817,32.458336,4
-11.484469,-8.17309,0
-51.204605,6.483913,3
19.518604,30.865606,4
34.705933,35.914,4
29.119326,51.26261,4
-9.742191,31.922781,1
-22.06517,5.683597,3
-35.24227,12.518055,3
-27.852234,-12.415234,3
-32.712383,32.043457,3
44.480064,-1.9441335,3
49.86309,-1.7270731,4
-8.742795,-38.38952,2
-40.983467,3.8379197,3
-10.800021,-18.997112,3
6.4256735,19.123821,3
-22.327282,-41.553383,0
-0.28714472,-4.9598217,0
-11.043893,-34.28694,2
0.3197802,-11.522163,3
-38.69905,7.976926,3
1.0768329,21.584919,3
-34.59342,4.5794287,3
43.895313,19.045015,1
32.61099,13.445467,1
-15.080879,13.863667,3
4.972312,-7.427642,0
-62.000206,0.765056,1
49.600204,13.468489,4
10.84983,9.316979,1
15.96015,16.049726,1
11.805915,13.351885,1
21.125237,20.473686,1
47.180733,13.257435,1
22.774414,15.128333,1
13.6594305,8.204323,0
22.6873,15.253559,1
10.46534,-43.721714,0
10.256376,-22.383327,0
-14.740197,-29.233404,2
46.303226,-18.384684,4
22.582357,-26.690413,4
5.560612,9.029816,4
-10.363431,49.140457,3
-27.236687,21.654552,3
-27.293343,21.596361,3
3.2454576,-35.20272,4
2.2755344,-50.004036,0
21.931044,43.09061,3
-18.532173,10.669924,3
55.989178,13.987045,3
42.02802,-13.272011,3
27.006937,-15.340263,0
29.155285,-25.928713,3
43.137234,-13.64467,3
-0.80043304,0.33776608,4
26.04293,-42.072506,4
28.973629,-38.7112,4
26.67722,-37.91919,4
28.289518,-35.573486,4
22.738676,-4.8891582,4
38.085567,-24.086279,0
38.237747,-22.252254,4
-51.487312,-20.745031,3
-30.473038,10.880927,2
4.204329,-5.1257944,0
-0.24230687,-45.844803,3
-21.208189,33.980427,4
0.053378023,49.062046,5
-29.653517,26.86747,0
-26.487366,-26.55437,2
-24.17761,-17.998379,2
11.391259,23.254246,3
-24.020334,22.114063,3
-24.062395,22.082521,3
-24.036577,22.10839,3
-27.589369,-2.764993,3
-39.18433,9.988751,2
3.3376813,-18.288174,3
10.365176,38.182632,5
7.5246916,28.57459,5
-15.219724,32.454185,4
18.098763,11.083006,1
-22.778748,36.325,4
22.443712,1.1399916,4
37.925716,-21.587633,4
-45.934734,2.723294,3
-23.48582,27.488758,4
-13.955981,42.02179,4
-0.7594856,-13.537487,0
-22.367887,11.301027,4
23.51932,46.61465,4
-16.874846,36.05447,4
-4.0346966,25.09222,5
-14.336387,-44.623764,2
-10.637289,-25.017548,2
-11.224967,-26.764223,2
-14.332161,-44.6271,2
61.500095,-14.42143,4
-10.281084,-3.588279,6
5.480173,2.8838134,6
-10.961118,-3.6321473,6
-14.976501,-4.688416,6
-51.41024,13.499073,3
48.846535,18.34729,4
-18.872187,31.34979,4
32.67581,-20.153555,4
-32.29254,2.9439936,1
-35.991016,6.3017178,3
8.437053,-14.962387,0
-29.09522,23.69876,3
-46.825943,2.8092594,3
19.607275,50.204845,5
16.760044,-7.639004,0
-0.30596742,-9.155765,2
-30.749176,14.6393385,3
-35.197742,30.707615,3
-35.116947,29.141743,3
27.506075,-4.063892,3
-33.026745,15.928263,3
25.493864,24.20163,2
27.978971,-14.917441,4
40.11698,-11.697715,4
36.857853,-33.496765,0
-12.781172,-11.328137,0
-6.9576793,8.389689,3
-30.15292,-15.598204,2
-4.3596387,-2.3514166,6
-4.529347,10.451778,6
54.04847,4.977949,0
-5.5405474,13.76404,3
52.440746,14.102781,3
-11.854683,18.618,3
13.023996,27.559862,5
37.071842,15.510445,1
-50.458294,-7.402558,3
35.806904,-14.21327,4
35.725876,-14.270365,4
0.61076653,-22.319138,2
29.760483,-16.829615,4
-3.5078745,55.708424,4
-0.21740179,21.821478,4
-15.736467,17.062574,3
-14.622534,17.303942,3
-3.9646761,-37.169704,2
34.355064,-1.3079334,2
17.415173,-2.0664403,2
-3.665301,-31.018469,2
-21.836529,1.8250929,2
-20.174854,-44.54544,2
-20.191465,-44.55874,2
-14.095843,-30.924788,2
-10.096659,-35.477448,2
-16.518803,-34.353245,2
-2.6094472,-4.2695007,0
-25.745123,-25.928722,2
-2.20894,-34.355286,2
-14.120918,-35.073105,2
-1.0946913,2.564801,0
-18.602415,-52.99543,6
0.6127289,54.066654,6
23.270945,25.673906,5
-9.714439,1.551221,6
19.593319,-14.380087,6
-44.822186,7.943487,3
-31.318724,-6.260675,2
-2.2521276,3.7743645,6
-0.36044264,-41.0457,3
-10.975066,39.492123,4
27.727976,43.95052,4
21.557669,-22.946825,4
-7.968131,-40.498592,2
2.9481037,-26.160294,6
-5.130058,-33.804077,6
11.971897,-41.072674,0
-36.660824,-38.84747,0
49.273167,-3.174458,3
28.651487,-32.044018,0
37.154232,-12.970151,4
41.050987,-25.862556,4
-33.745716,4.511221,3
-33.210835,-19.743517,2
-34.214985,-13.545986,3
19.394524,15.662189,1
-10.005711,-51.541515,6
-4.823522,7.1792703,6
19.562864,8.47345,5
-15.0788965,18.455116,3
33.69151,-17.847286,4
42.774097,5.779919,3
2.3417842,28.750275,5
11.245424,-31.364649,3
16.102503,13.853196,1
1.6296937,-2.3172848,1
34.136105,-23.939386,3
27.459003,-26.824623,4
32.223724,7.26514,5
-25.67733,-35.956844,2
-55.841187,-12.686258,3
-20.167557,13.451222,3
-33.688988,24.15202,3
31.614403,42.75011,4
14.64758,35.11657,5
30.029963,2.2750552,4
14.177668,-5.1767373,0
33.67946,-22.614052,3
-17.695889,8.185211,3
13.949667,-4.8867617,0
-6.1462946,-39.536934,2
23.787354,14.690356,1
28.427963,20.460064,1
3.6508029,39.30737,5
-24.247732,-28.460787,2
17.59043,-41.359337,3
-30.693508,8.248103,3
14.6892395,35.131092,5
24.89042,3.9428356,0
52.295742,-30.562897,2
11.188644,-31.285446,3
-18.8883,-30.112581,2
-19.138063,-28.835402,2
15.797038,-28.032764,5
8.696579,20.512957,5
54.13662,-23.924873,4
-29.182848,6.741301,3
18.284185,-21.725897,4
-59.71979,-3.1950095,3
5.5487833,-2.0719244,2
-7.628067,-37.54434,2
22.426378,-26.512209,4
-25.605791,-30.914818,2
29.911097,-33.77513,4
8.050951,40.37013,5
9.572655,52.55497,5
-33.81232,20.31574,3
-12.11938,-39.76288,2
-42.334152,15.767362,3
17.865494,6.809543,1
-17.607002,-2.3892283,0
32.85372,-7.5566416,3
32.275013,4.698409,3
-53.546825,7.073209,4
19.40594,28.82512,5
40.42157,-18.019434,4
-36.27198,13.698268,3
-36.420044,13.123252,3
-35.782852,1.0313513,3
6.357863,20.986568,3
14.880313,-15.440819,3
14.542728,3.289793,0
11.409534,17.952616,1
24.756744,26.716124,2
33.184704,42.7666,4
32.82293,41.73241,4
26.787086,40.89001,4
38.043007,-5.0509653,3
16.5268,-32.487755,3
44.174927,-1.5196832,3
-1.3879839,26.99008,5
28.157072,0.9138181,2
-11.935324,47.317543,3
-24.859951,-7.2431912,2
-15.56415,-33.055164,2
-31.374174,-21.163208,2
44.53686,-11.366071,3
-31.082037,-28.395565,2
32.12466,-2.333886,2
-6.9108295,7.0846534,0
38.860752,-13.163895,4
41.478287,-9.193527,4
20.722706,-33.064102,3
20.226463,-30.433228,3
21.444065,-31.966715,3
-36.27808,7.7681146,3
62.570126,-11.461472,3
-26.409702,11.777362,3
-48.395466,11.199728,3
-22.250072,-11.660367,3
-12.463161,-48.72821,3
-42.19826,16.524372,3
-6.557346,-21.19058,0
11.850796,-20.037632,0
34.64726,4.0734506,3
4.998063,-3.7266967,0
13.668464,-23.584154,3
-24.181477,9.973456,0
-0.54220766,-33.501587,2
23.65365,52.738266,3
24.959087,-26.960087,4
-26.53274,-5.8067546,1
-48.630135,26.61788,2
34.792942,28.47541,5
-24.745071,33.306446,4
-43.066833,2.4112015,3
52.771954,13.451116,3
2.6814618,18.91411,3
10.960013,8.751473,1
1.2267582,32.275177,5
-35.813908,2.5347834,3
38.341843,-11.26765,4
-24.959715,16.292871,3
-14.8978,7.8748145,2
-30.578115,-3.726131,2
14.84749,17.534317,1
-29.603165,31.900528,3
60.354427,13.335999,3
-38.0875,-15.365795,3
30.790625,0.18282294,3
-29.004484,24.710947,3
-17.087915,-53.78933,6
-32.25861,9.619145,3
17.93559,-23.073044,3
33.504135,-26.546946,3
-6.8482714,1.2271583,6
-28.989643,17.214188,3
-34.33078,-3.3407805,3
3.9938438,-39.173912,3
-47.67447,23.767572,2
-37.928825,11.239237,3
-10.4718075,-31.497936,2
25.075008,-25.307064,4
-3.8741508,-26.726513,2
28.487259,-17.72151,4
29.952303,-12.317911,2
5.4261856,-30.541006,2
32.25876,2.228153,1
8.477757,46.58944,5
-11.21498,-53.375164,6
41.339222,-26.587952,4
-28.98508,35.27102,3
-43.93517,9.340382,3
-49.73038,7.665413,3
24.737549,27.359632,2
18.25257,30.200724,5
-23.879038,41.980675,3
9.239434,57.155144,3
-22.805786,32.569263,4
-11.762013,50.63406,3
-52.826694,19.755468,3
-55.35338,4.38632,3
-56.156803,5.7601466,3
-56.030647,5.640715,3
41.094925,15.005576,4
-11.081039,9.60748,6
30.343945,-47.971348,0
26.706245,-5.0259657,3
-7.053217,-30.374897,2
-28.929525,-41.50121,2
-30.860338,-10.367917,2
36.671814,33.375813,5
20.09599,-25.991514,4
54.563118,-15.054414,4
42.93901,-21.676273,4
40.428722,-23.4481,4
8.45885,21.305872,6
-42.48322,-4.98877,3
-19.462908,-17.234962,2
2.5585577,58.959335,2
-17.716768,4.2450395,0
-33.436535,-43.97727,2
2.2530656,5.323903,2
-14.066938,-26.00075,2
-34.05261,-24.48358,2
-21.590866,-17.85254,2
-40.484234,25.994713,3
37.216713,-38.54794,4
22.463648,44.089405,4
-19.828142,31.582264,4
-17.983095,23.538267,3
19.048065,-4.215132,3
-45.148026,-28.45253,4
29.209383,-38.744667,4
-42.36227,19.823633,3
22.251558,-16.989769,3
-10.70218,-21.54387,3
53.43312,-20.959639,4
56.704544,-21.950596,4
54.47455,-21.001413,4
48.158184,-24.217226,4
58.778683,-21.71511,4
23.589209,-32.619137,4
-36.794308,30.367619,3
48.918846,-17.670588,4
54.278404,-20.868975,4
57.398487,-17.954912,4
38.44772,-14.5291195,4
56.68758,-27.842972,4
57.683693,-19.230429,4
55.814556,-26.914085,4
62.704384,-2.1218681,4
-30.737957,-21.098253,2
-62.369114,-4.473333,3
-53.348736,1.0544026,3
-50.010143,1.0507128,3
-29.524437,-37.54173,2
21.029522,-18.766624,6
-31.645674,-7.860428,2
-12.770102,-48.09298,3
-55.627354,5.3050737,3
37.866558,33.986805,4
-15.166831,38.40177,4
25.056866,-8.582672,3
-39.86466,18.392914,3
-45.740234,14.796532,3
9.26719,57.0122,3
20.650965,56.896793,3
-42.044575,18.526861,3
33.465878,-38.08318,0
-58.959625,2.5906384,3
53.987713,8.723286,3
-0.3725096,-3.8018858,3
-40.700787,6.0995927,3
-38.235886,19.889751,3
